domain:allegiancepm.net	14696301775	allegiancepm.net	allegiance property management	Garland	United States	Allegiance Property Management	5931
domain:alliancela.com	13237355010	alliancela.com	alliance property management	Los Angeles	United States	Alliance Property Management	5932
domain:alliancemhk.com	18054024717	alliancemhk.com	alliance property management	Thousand Oaks	United States	Alliance Property Management	5933
domain:alliedmgmt.com	18885570967	alliedmgmt.com	allied property management	Arlington	United States	Allied Property Management	5934
domain:alliedrentshomes.com	19097948248	alliedrentshomes.com	allied pacific property management	Yucaipa	United States	Allied Pacific Property Management	5935
domain:allrentalsmadesimple.com	16615564010	allrentalsmadesimple.com	all property management and sales	Bakersfield	United States	All Property Management and Sales	5936
domain:alphadogpm.com	14242441895	alphadogpm.com	alpha dog property management	Redondo Beach	United States	Alpha Dog Property Management	5937
domain:amanica.com	19519243600	amanica.com	amanica real estate property management	San Diego	United States	Amanica Real Estate & Property Management	5938
domain:amarpropertymanagement.com	15753324886	amarpropertymanagement.com	amar property management	Santa Teresa	United States	AMAR Property Management	5939
domain:amgrealty.ca		amgrealty.ca	amg realty property management	Calgary	Canada	AMG Realty & Property Management	5940
domain:amhurst.net	14032370477	amhurst.net	amhurst property management	Calgary	Canada	Amhurst Property Management	5941
domain:angiesbestchoice.com	14035803666	angiesbestchoice.com	angie s best choice property management	Medicine Hat	Canada	Angie's Best Choice Property Management	5942
domain:anixstrmanagement.com	17135626864	anixstrmanagement.com	anix property management	Houston	United States	Anix Property Management	5943
domain:anoakiaproperties.com	16263597774	anoakiaproperties.com	anoakia property management	Monrovia	United States	Anoakia Property Management	5944
domain:aopm.us	19722395600	aopm.us	alpha omega property management	Dallas	United States	Alpha Omega Property Management	5945
domain:aopta.com	16193953314	aopta.com	derrod property management	Chula Vista	United States	Derrod Property Management	5946
domain:apexresort.com	12502928222	apexresort.com	apex resort snow school	Okanagan-Similkameen	Canada	Apex Resort Snow School	5947
domain:apmlease.com	18332767368	apmlease.com	apm property management	La Mirada	United States	APM Property Management	5948
domain:apmrent.com	16269667456	apmrent.com	affordable property management	Covina	United States	Affordable Property Management	5949
domain:framerealtyco.com	18183000101	framerealtyco.com	apple property management	Encino	United States	Apple Property Management	5950
domain:appodacapm.com	16613471081	appodacapm.com	appodaca property management	Bakersfield	United States	Appodaca Property Management	5951
domain:aqp.management	17146341500	aqp.management	aqp property management inc	Gardena	United States	AQP Property Management, Inc.	5952
domain:aransaspropertymanagement.net	13617584855	aransaspropertymanagement.net	aransas property management	Aransas Pass	United States	Aransas Property Management	5953
domain:archwaysmanagement.com	18182928728	archwaysmanagement.com	archways property management	Agoura Hills	United States	Archways Property Management	5954
domain:arekpm.com	14037012169	arekpm.com	arek property management	Calgary	Canada	Arek Property Management	5955
domain:ascentpropertymanagement.com	17609945037	ascentpropertymanagement.com	ascent property management	San Diego	United States	Ascent Property Management	5956
domain:aspire-pm.com	12132985353	aspire-pm.com	aspire property management	Los Angeles	United States	Aspire Property Management	5957
domain:assetwest.com	14036783000	assetwest.com	asset west property management	Canmore	Canada	Asset West Property Management	5958
domain:athena-pm.com	19493988750	athena-pm.com	athena property management	Tustin	United States	Athena Property Management	5959
domain:athenapropertymgt.com	14092208032	athenapropertymgt.com	athena property management	Nederland	United States	Athena Property Management	5960
domain:atlasmanagementtx.com	19034004091	atlasmanagementtx.com	atlas property management	Houston	United States	Atlas Property Management	5961
domain:auroraridgechalet.com	17803800740	auroraridgechalet.com	aurora ridge chalet	Kamloops	Canada	Aurora Ridge Chalet	5962
domain:austinparkave.com	5125357300	austinparkave.com	austin park avenue property management	Cedar Park	United States	Austin Park Avenue Property Management	5963
domain:austinoptionsrealestate.com	15122509882	austinoptionsrealestate.com	austin property management options	Austin	United States	Austin Property Management Options	5964
domain:austinvestors.com	15126607368	austinvestors.com	austinvestors property management	Leander	United States	AustinVestors Property Management	5965
domain:auterreproperties.com	18004004855	auterreproperties.com	au terre property management	Costa Mesa	United States	Au Terre Property Management	5966
domain:avanpropertymanagement.com	18324337171	avanpropertymanagement.com	avan property management	Houston	United States	Avan Property Management	5967
domain:aviarapropertymanagement.com	17606529033	aviarapropertymanagement.com	aviara property management	Carlsbad	United States	Aviara Property Management	5968
domain:avidtexas.com	12102537814	avidtexas.com	avid property management	San Antonio	United States	Avid Property Management	5969
domain:avilabeachapartments.com	18057144217	avilabeachapartments.com	avila beach apartments and vacation rentals	Avila Beach	United States	Avila Beach Apartments and Vacation Rentals	5970
domain:awardpm.com	18172942353	awardpm.com	award property management	Fort Worth	United States	Award Property Management	5971
domain:aysmontana.com	14068625566	aysmontana.com	at your services property management	Whitefish	Canada	At Your Services Property Management	5972
domain:azlivingrentals.com	19284533500	azlivingrentals.com	arizona living rentals property management	Lake Havasu City	United States	Arizona Living Rentals & Property Management	5973
domain:baldwinrealestatemanagement.com	16265741754	baldwinrealestatemanagement.com	baldwin property management	Arcadia	United States	Baldwin Property Management	5974
domain:barbicanpm.ca	16044248276	barbicanpm.ca	barbican property management	Surrey	Canada	Barbican Property Management	5975
domain:basepropertymgmt.com	13126220302	basepropertymgmt.com	base property management	Oxnard	United States	Base Property Management	5976
domain:propertywaresites.com	12819925566	propertywaresites.com	bay property management realty llc	Friendswood	United States	Bay Property Management & Realty LLC	5977
domain:beachcliffvillas.org	18582284998	beachcliffvillas.org	beach cliff villas	San Diego	United States	Beach Cliff Villas	5978
domain:beachtimevacationrentals.com	19204421100	beachtimevacationrentals.com	bailey s bungalow galveston	Galveston	United States	Bailey's Bungalow-Galveston	5979
domain:beaconpropertieswaco.com	12547088080	beaconpropertieswaco.com	beacon property management	Waco	United States	Beacon Property Management	5980
domain:bearcreekpm.com	18172034645	bearcreekpm.com	bear creek property management	Keller	United States	Bear Creek Property Management	5981
domain:beargrasspm.com	14063510746	beargrasspm.com	beargrass property management	Whitefish	Canada	Beargrass Property Management	5982
domain:benco-pm.com	8183413301	benco-pm.com	benco property management	Woodland Hills	United States	Benco Property Management	5983
domain:berndbrokerage.com	16192529953	berndbrokerage.com	meghan bernd broker bernd brokerage real estate property management ramona ca	Ramona	United States	Meghan Bernd, BROKER, Bernd Brokerage Real Estate & Property Management, Ramona CA	5984
domain:berromgmt.com	15624323444	berromgmt.com	berro property management	Long Beach	United States	Berro Property Management	5985
domain:besttexashome.com	18323339916	besttexashome.com	best texas home property management	Katy	United States	Best Texas Home Property Management	5986
domain:bevenandbrock.com	16267953282	bevenandbrock.com	beven brock property management	Pasadena	United States	Beven & Brock Property Management	5987
domain:beverlyglenpm.com	18055850999	beverlyglenpm.com	beverly glen property management	Thousand Oaks	United States	Beverly Glen Property Management	5988
domain:bigbearmountainresort.com	18444622327	bigbearmountainresort.com	big bear mountain resort	Big Bear Lake	United States	Big Bear Mountain Resort	5989
domain:bigfishhaus.com	19794936121	bigfishhaus.com	big fish haus vacation rental	Bay City	United States	Big Fish Haus Vacation Rental	5990
domain:osoyoosrentals.ca	16047276090	osoyoosrentals.ca	ski in ski out vacation home at big and white ski hill near kelowna	Kootenay Boundary	Canada	SKI IN SKI OUT Vacation HOME at Big and White Ski Hill, near Kelowna	5991
domain:bitterlin.com	6197186565	bitterlin.com	san diego property management bitterlin companies	San Diego	United States	San Diego Property Management & Bitterlin Companies	5992
domain:blackcombsnowmobile.com	6049328484	blackcombsnowmobile.com	blackcomb snowmobile	Whistler	Canada	Blackcomb Snowmobile	5993
domain:blacklakegolfcondos.com	16614967346	blacklakegolfcondos.com	blacklake vacation rentals	Nipomo	United States	Blacklake Vacation Rentals	5994
domain:blackrockhi.com	18086722526	blackrockhi.com	blackrock property management	Honolulu	United States	BlackRock Property Management	5995
domain:blancoriversidegetaway.com	18303304324	blancoriversidegetaway.com	blanco riverside getaway villas	Blanco	United States	Blanco Riverside Getaway Villas	5996
domain:blankpagesandiego.com	18444774700	blankpagesandiego.com	blankpage property management	La Mesa	United States	BlankPage Property Management	5997
domain:dallasproperty.management	12144324115	dallasproperty.management	blue crown properties	Dallas	United States	Blue Crown Properties	5998
domain:bluehorizonrentals.com	14242032500	bluehorizonrentals.com	blue horizon property management	Los Angeles	United States	Blue Horizon Property Management	5999
domain:blueridgemountainresort.ca	17802855522	blueridgemountainresort.ca	blue ridge mountain resort	La Crete	Canada	Blue Ridge Mountain Resort	6000
domain:blueskyproperty.com	18058193319	blueskyproperty.com	blue sky property management	Lompoc	United States	Blue Sky Property Management	6001
domain:bonnercarrington.com	15122208000	bonnercarrington.com	bonner carrington property management llc	Austin	United States	Bonner Carrington Property Management LLC	6002
domain:bookedupvacationrentals.com	19492128924	bookedupvacationrentals.com	booked up vacation rentals	Irvine	United States	Booked Up Vacation Rentals	6003
domain:borregoholidayhome.com	17607673285	borregoholidayhome.com	borrego holiday homes	Borrego Springs	United States	Borrego Holiday Homes	6004
domain:bosmanagement.ca	14039789042	bosmanagement.ca	bos property management sunset properties	Calgary	Canada	BOS Property Management | Sunset Properties	6005
domain:boswellrentals.com	18172741800	boswellrentals.com	herman boswell property management	Arlington	United States	Herman Boswell Property Management	6006
domain:boydstunrealty.net	17147784261	boydstunrealty.net	boydstun realty property management	Anaheim	United States	Boydstun Realty & Property Management	6007
domain:braidwaterdreams.com	14062530138	braidwaterdreams.com	braidwater vacation rental of kalispell montana	Kalispell	Canada	Braidwater Vacation Rental of Kalispell, Montana	6008
domain:bremcoinc.com	19565468481	bremcoinc.com	bremco real estate property management	Brownsville	United States	BREMCO Real Estate & Property Management	6009
domain:brgproperties.com	18173865675	brgproperties.com	property management by brg	Aledo	United States	Property Management by BRG	6010
domain:brickyardpropertymanagement.com	14694363645	brickyardpropertymanagement.com	brickyard property management	Richardson	United States	Brickyard Property Management	6011
domain:brierepm.com	14034650404	brierepm.com	modern property management	Calgary	Canada	Modern Property Management	6012
domain:brubakerpm.com	12147250702	brubakerpm.com	brubaker property management	Frisco	United States	Brubaker Property Management	6013
domain:bzpropmgmt.com	18884200186	bzpropmgmt.com	bz property management	West Covina	United States	BZ Property Management	6014
domain:c-p-m.com	18054829800	c-p-m.com	county property management	Camarillo	United States	County Property Management	6015
domain:c21energymanagement.ca	12507850021	c21energymanagement.ca	c21 energy realty fort st john property management	Fort St John	Canada	C21 Energy Realty - Fort St. John - Property Management	6016
domain:cadsalberta.ca	17804278104	cadsalberta.ca	canadian adaptive snowsports alberta association	Edmonton	Canada	Canadian Adaptive Snowsports - Alberta Association	6017
domain:calgary-shorttermrentals.com	14162784488	calgary-shorttermrentals.com	calgary short term rentals	Calgary	Canada	Calgary Short Term Rentals	6018
domain:calgaryconcierge.ca	14038705216	calgaryconcierge.ca	jade griswold calgary realtor residential and property management services	Calgary	Canada	Jade Griswold, Calgary Realtor, Residential and Property Management Services	6019
domain:calgaryhomerentals.com	4032583944	calgaryhomerentals.com	mastre property management ltd	Calgary	Canada	Mastre Property Management Ltd	6020
domain:californialeasing.com	16612948500	californialeasing.com	california leasing property management	Valencia	United States	California Leasing Property Management	6021
domain:caloakspm.com	18056481851	caloakspm.com	california oaks property management	Ventura	United States	California Oaks Property Management	6022
domain:campagnarealtors.com	12148239080	campagnarealtors.com	campagna property management	Dallas	United States	Campagna Property Management	6023
domain:canadianheli-skiing.com	12503442326	canadianheli-skiing.com	great canadian heli skiing	Area A (Kicking Horse/Kinbasket Lake)	Canada	Great Canadian Heli-Skiing	6024
domain:cardinal-online.com	17147791300	cardinal-online.com	cardinal property management	Orange	United States	Cardinal Property Management	6025
domain:carnahanpropmgmt.com	18188841500	carnahanpropmgmt.com	carnahan property management	Woodland Hills	United States	Carnahan Property Management	6026
domain:casabenditainporta.com	12108313213	casabenditainporta.com	casa bendita port aransas vacation rental	Port Aransas	United States	Casa Bendita Port Aransas Vacation Rental	6027
domain:casacalgary.com	14039601021	casacalgary.com	casa property management	Calgary	Canada	Casa Property Management	6028
domain:casadopropertymanagement.ca	17789888968	casadopropertymanagement.ca	casado property management	Burnaby	Canada	Casado Property Management	6029
domain:casatropicana.com	19494921720	casatropicana.com	casa tropicana boutique beachfront hotel	San Clemente	United States	Casa Tropicana Boutique Beachfront Hotel	6030
domain:catalinavacations.com	18556315280	catalinavacations.com	catalina island vacation rentals	Avalon	United States	Catalina Island Vacation Rentals	6031
domain:cayucosbeachfrontvacationrental.com	18054662186	cayucosbeachfrontvacationrental.com	cayucos beachfront vacation rental	Cayucos	United States	Cayucos Beachfront Vacation Rental	6032
domain:cbhsrentals.com	17602177162	cbhsrentals.com	raquel coldwell banker property management	Apple Valley	United States	Raquel Coldwell Banker Property Management	6033
domain:ccandrs.com	17147164789	ccandrs.com	cc rs property management	Orange	United States	CC&Rs Property Management	6034
domain:centexpm.net	12546991700	centexpm.net	central texas property management	Harker Heights	United States	Central Texas Property Management	6035
domain:centralcoastpropertymgmt.com	18052600250	centralcoastpropertymgmt.com	central coast property management	Santa Maria	United States	Central Coast Property Management	6036
domain:century21pel.com	16042782121	century21pel.com	century 21 property management	Richmond	Canada	Century 21 Property Management	6037
domain:century-pmi.com	18188413359	century-pmi.com	century property management and investments	Burbank	United States	Century Property Management and Investments	6038
domain:cepropertymanagement.com	15129056838	cepropertymanagement.com	c e property management inc	Austin	United States	C&E Property Management, INC	6039
domain:cethron.com	16192951100	cethron.com	cethron property management	El Cajon	United States	Cethron Property Management	6040
domain:cflsd.com	16194224941	cflsd.com	cfl realty and property management	Chula Vista	United States	CFL Realty and Property Management	6041
domain:ch-pm.com	19493679430	ch-pm.com	crummack huseby property management	Lake Forest	United States	Crummack Huseby Property Management	6042
domain:chasepacific.com	18582718841	chasepacific.com	chase pacific property management real estate services	San Diego	United States	Chase Pacific Property Management & Real Estate Services	6043
domain:cifrealestate.com	12547562957	cifrealestate.com	cif property management services inc	Hewitt	United States	CIF Property Management Services, Inc	6044
domain:citywiderem.com	19727724999	citywiderem.com	citywide real estate and property management	Rockwall	United States	Citywide Real Estate and Property Management	6045
domain:cks-rentals.com	18582572845	cks-rentals.com	cks property management	San Diego	United States	CKS Property Management	6046
domain:classicpm.com	18176402064	classicpm.com	classic property management	Arlington	United States	Classic Property Management	6047
domain:clearpm.com	15125013635	clearpm.com	clear property management	Austin	United States	CLEAR Property Management	6048
domain:clgproperty.net	16572860288	clgproperty.net	clg property management	La Habra	United States	CLG Property Management	6049
domain:cmrentals.net	12546345383	cmrentals.net	c m rentals property management	Killeen	United States	C&M Rentals Property Management	6050
domain:coachellavalleypropertymanagement.site	17602812391	coachellavalleypropertymanagement.site	coachella valley property management	Palm Desert	United States	Coachella Valley Property Management	6051
domain:coastalcities.com	15622422452	coastalcities.com	coastal cities property management	Long Beach	United States	Coastal Cities Property Management	6052
domain:coastalestatespropertymanagement.com	19496338109	coastalestatespropertymanagement.com	coastal estates property management	Dana Point	United States	Coastal Estates Property Management	6053
domain:coastalpros.com	13109249663	coastalpros.com	coastal property management solutions	Malibu	United States	Coastal Property Management Solutions	6054
domain:coastalviewproperty.org	18059323200	coastalviewproperty.org	coastal view property management and real estate services	Ventura	United States	Coastal View Property Management and Real Estate Services	6055
domain:coastlineequity.net	13103730602	coastlineequity.net	coastline equity property management	Los Angeles	United States	Coastline Equity Property Management	6056
domain:coastpropmgmt.com	19494929552	coastpropmgmt.com	coast property management	San Clemente	United States	Coast Property Management	6057
domain:cochranerentals.com	14038076124	cochranerentals.com	rent my home property management	Cochrane	Canada	Rent My Home Property Management	6058
domain:colibripropertymanagement.com	19566729896	colibripropertymanagement.com	colibri property management	McAllen	United States	Colibri Property Management	6059
domain:colonialrepm.com	12546984113	colonialrepm.com	colonial property management	Harker Heights	United States	Colonial Property Management	6060
domain:columbiaproperty.ca	12508519310	columbiaproperty.ca	columbia property management	Kamloops	Canada	Columbia Property Management	6061
domain:compasspropertymgnt.com	19492293071	compasspropertymgnt.com	compass property management	Newport Beach	United States	Compass Property Management	6062
domain:concanvip.net	18302758670	concanvip.net	concan vip property management	Concan	United States	Concan VIP Property Management	6063
domain:conquestrentals.com	19035950000	conquestrentals.com	conquest property management	Tyler	United States	Conquest Property Management	6064
domain:consensyspm.com	17147724400	consensyspm.com	consensys property management	Anaheim	United States	Consensys Property Management	6065
domain:coperentals.com	16612410597	coperentals.com	cope property management	Bakersfield	United States	Cope Property Management	6066
domain:coreallianceprop.com	8183215435	coreallianceprop.com	core alliance property management	North Hollywood	United States	Core Alliance Property Management	6067
domain:corpuschristi-rentalhomes.com	13619924990	corpuschristi-rentalhomes.com	pacesetter steel property management	Corpus Christi	United States	Pacesetter Steel Property Management	6068
domain:cpmteam.com	17604347373	cpmteam.com	chamberlain property management	Carlsbad	United States	Chamberlain Property Management	6069
domain:creativepropertymgt.com	18059286688	creativepropertymgt.com	creative property management	Santa Maria	United States	Creative Property Management	6070
domain:crownmansion.com	12507525776	crownmansion.com	crown mansion boutique hotel villas	Qualicum Beach	Canada	Crown Mansion Boutique Hotel & Villas	6071
domain:csi4jobs.com	18188830440	csi4jobs.com	csi woodland hills property management	Woodland Hills	United States	CSI - Woodland Hills Property Management	6072
domain:cswproperty.com	12813058211	cswproperty.com	csw property management	Katy	United States	CSW Property Management	6073
domain:dakotapm.com	8585493000	dakotapm.com	dakota property management	San Diego	United States	Dakota Property Management	6074
domain:desertedgeca.com	17608201023	desertedgeca.com	desert edge property management	Yucca Valley	United States	Desert Edge Property Management	6075
domain:desertnite.com	17602759189	desertnite.com	desert nite luxury rentals	La Quinta	United States	Desert Nite Luxury Rentals	6076
domain:managebuilding.com	7608513196	managebuilding.com	desert palms property management	Palm Desert	United States	Desert Palms Property Management	6077
domain:devarentals.com	17809841996	devarentals.com	deva rentals property management	Edmonton	Canada	Deva Rentals Property Management	6078
domain:devpropmgt.com	14033924202	devpropmgt.com	devereaux property management	Red Deer	Canada	Devereaux Property Management	6079
domain:dfwpropertymanagement.com	16822006700	dfwpropertymanagement.com	dfw property management com	Bedford	United States	DFW Property Management.com	6080
domain:diamondrealtyrentals.com	13182135299	diamondrealtyrentals.com	diamond property management	Bossier City	United States	Diamond Property Management	6081
domain:directstays.com	19034016196	directstays.com	vacation home in bolivar peninsula crystal beach	Gilchrist	United States	Vacation Home in Bolivar Peninsula / Crystal Beach	6082
domain:doorbellmanagement.com	13232855557	doorbellmanagement.com	doorbell property management	Upland	United States	Doorbell Property Management	6083
domain:doublehproperties.com	14098933233	doublehproperties.com	double h property management	Lumberton	United States	Double H Property Management	6084
domain:dpmonline.ca	16049827051	dpmonline.ca	dpm property management	North Vancouver District	Canada	DPM Property Management	6085
domain:dpms.us	13238329328	dpms.us	diversified property management	Monterey Park	United States	Diversified Property Management	6086
domain:dreambigpm.com	19517789700	dreambigpm.com	dream big property management	Riverside	United States	Dream Big Property Management	6087
domain:drummerrealty.com	14032582424	drummerrealty.com	drummer realty property management	Calgary	Canada	Drummer Realty & Property Management	6088
domain:dukepm.com	3106574256	dukepm.com	duke property management inc	Los Angeles	United States	Duke Property Management Inc.	6089
domain:dustypmservices.ca	18257330679	dustypmservices.ca	dusty property management services	Calgary	Canada	Dusty Property Management Services	6090
domain:eastlinkpark.com	17807463000	eastlinkpark.com	eastlink park ski hill	Whitecourt	Canada	Eastlink Park Ski Hill	6091
domain:easttexasrentals.com	9035338114	easttexasrentals.com	tyler property management	Tyler	United States	Tyler Property Management	6092
domain:eastvalleypropertymanagement.com	19094787725	eastvalleypropertymanagement.com	east valley property management	Loma Linda	United States	East Valley Property Management	6093
domain:eco-world.com	16044380020	eco-world.com	eco world property management	Burnaby	Canada	Eco-World Property Management	6094
domain:edmontonskiclub.com	17804650852	edmontonskiclub.com	esc terrain park	Edmonton	Canada	ESC Terrain Park	6095
domain:elcaminopm.com	15622673236	elcaminopm.com	el camino property management services	Norwalk	United States	El Camino Property Management Services	6096
domain:elitequadpmg.com	12815011929	elitequadpmg.com	the elite quad property management group	Houston	United States	The Elite Quad Property Management Group	6097
domain:eliteridgecrest.com	17604464300	eliteridgecrest.com	elite property management	Ridgecrest	United States	Elite Property Management	6098
domain:elmirasolvillas.com	17603275913	elmirasolvillas.com	el mirasol villas	Palm Springs	United States	El Mirasol Villas	6099
domain:elysianvacationrentals.com	18303700161	elysianvacationrentals.com	elysian vacation rentals	Stephenville	United States	Elysian Vacation Rentals	6100
domain:empirepmc.com	18056419905	empirepmc.com	stonegate property management	Ventura	United States	Stonegate Property Management	6101
domain:empirewestrealty.com	8189821220	empirewestrealty.com	empire west property management	North Hollywood	United States	Empire West Property Management	6102
domain:enterprise-propertymanagement.com	13187029100	enterprise-propertymanagement.com	enterprise property management	Bossier City	United States	Enterprise Property Management	6103
domain:essentialpropmanagement.com	18589010198	essentialpropmanagement.com	essential property management	La Mesa	United States	Essential Property Management	6104
domain:estatepm.com	18058982100	estatepm.com	epm inc property management and real estate services	Santa Ynez	United States	EPM Inc. Property Management and Real Estate Services	6105
domain:excelapts.com	18328083176	excelapts.com	excel property management	Houston	United States	Excel Property Management	6106
domain:executivepropmgmt.biz	12545183590	executivepropmgmt.biz	executive property management	Copperas Cove	United States	Executive Property Management	6107
domain:expertisemgt.com	18323696859	expertisemgt.com	expertise property management	Houston	United States	Expertise Property Management	6108
phone:447879443289	447879443289		rose cottage holiday home matlock	Matlock	United Kingdom	Rose Cottage Holiday Home Matlock	6109
domain:faircommissionsrealty.com	14037086363	faircommissionsrealty.com	fair commissions realty property management	Calgary	Canada	Fair Commissions Realty & Property Management	6110
domain:fansterpropertymgmt.com	19097273720	fansterpropertymgmt.com	fanster property management	Rancho Cucamonga	United States	Fanster Property Management	6111
domain:fbmproperty.com	9728787368	fbmproperty.com	fbm property management	Ennis	United States	FBM Property Management	6112
domain:fbs-pm.com	16192867600	fbs-pm.com	fbs property management	San Diego	United States	FBS Property Management	6113
domain:findmyvalleyhome.com	18187234663	findmyvalleyhome.com	robert ortega agent real estate sales property management	Encino	United States	Robert Ortega, Agent - Real Estate Sales & Property Management	6114
domain:firstlightpropertymanagement.com	18887737573	firstlightpropertymanagement.com	first light property management	Manhattan Beach	United States	First Light Property Management	6115
domain:firstresponsepm.com	17145593422	firstresponsepm.com	first response property management	Irvine	United States	First Response Property Management	6116
domain:fivestarmgt.com	16618313000	fivestarmgt.com	five star property management	Bakersfield	United States	Five Star Property Management	6117
domain:fivestarvacationrental.com	3107803411	fivestarvacationrental.com	five star vacation rentals	Newport Beach	United States	Five Star Vacation Rentals	6118
domain:flyingtigerspropertymanagement.com	13232726644	flyingtigerspropertymanagement.com	flying tigers property management	Pasadena	United States	Flying Tigers Property Management	6119
domain:forrespacific.com	16047241787	forrespacific.com	forres pacific property management	Surrey	Canada	Forres Pacific Property Management	6120
domain:forthoodrentalproperties.com	12545479994	forthoodrentalproperties.com	jr rentals and property management	Copperas Cove	United States	JR Rentals And Property Management	6121
domain:forthoodrentals.net	12542132885	forthoodrentals.net	sierra rentals property management	Killeen	United States	Sierra Rentals & Property Management	6122
domain:fostrpropertymanagement.com	13108703472	fostrpropertymanagement.com	fostr property management	Los Angeles	United States	Fostr Property Management	6123
domain:francispm.com	15308920664	francispm.com	francis property management	Los Angeles	United States	Francis Property Management	6124
domain:frasercampbell.com	16045853276	frasercampbell.com	fraser campbell property management	Surrey	Canada	Fraser Campbell Property Management	6125
domain:fraservalleyrentals.com	16047993647	fraservalleyrentals.com	property management century 21 creekside realty	Chilliwack	Canada	Property Management Century 21 Creekside Realty	6126
domain:fsppmtx.com	12102814083	fsppmtx.com	full spectrum property management	San Antonio	United States	Full Spectrum Property Management	6127
domain:gablepropertymgmt.com	16612598000	gablepropertymgmt.com	gable property management	Santa Clarita	United States	Gable Property Management	6128
domain:galvestonluxuryvacationrentals.com	17139621672	galvestonluxuryvacationrentals.com	heaven on bay	Galveston	United States	Heaven on Bay	6129
domain:galvestontxbeachrental.com	14098777404	galvestontxbeachrental.com	serenity beach house	Galveston	United States	Serenity Beach House	6130
domain:gdpm.ca	12503452133	gdpm.ca	green door property management	Invermere	Canada	Green Door Property Management	6131
domain:genesismasters.com	18177318830	genesismasters.com	genesis masters real estate property management services	Fort Worth	United States	Genesis Masters Real Estate & Property Management Services	6132
domain:genuinemanaged.com	19492099494	genuinemanaged.com	genuine property management	Costa Mesa	United States	Genuine Property Management	6133
domain:getlostinn.com	19092578759	getlostinn.com	get lost inn vacation rentals	Green Valley Lake	United States	Get Lost Inn Vacation Rentals	6134
domain:gilprop.com	14032663550	gilprop.com	gil property management and sales	Calgary	Canada	GIL Property Management and Sales	6135
domain:goingmaui.com	16514647288	goingmaui.com	going maui condo rentals oceanfront vacation condos	Lahaina	United States	Going Maui Condo Rentals - Oceanfront Vacation Condos	6136
domain:goldencaliforniapropertymanagement.com	19094292120	goldencaliforniapropertymanagement.com	golden california property management	Fontana	United States	Golden California Property Management	6137
domain:goldenpropertymanagement.net	9094759053	goldenpropertymanagement.net	golden property management	San Bernardino	United States	Golden Property Management	6138
domain:goldkeysandiego.com	16198949153	goldkeysandiego.com	gold key property management san diego property management	San Diego	United States	Gold Key Property Management - San Diego Property Management	6139
domain:goldmedalrentals.com	12542132131	goldmedalrentals.com	gold medal property management	Killeen	United States	Gold Medal Property Management	6140
domain:goldstarmgmtllc.com	16264085164	goldstarmgmtllc.com	gold star property management	Arcadia	United States	Gold Star Property Management	6141
domain:gonitehawk.com	17805326637	gonitehawk.com	nitehawk year round adventure park	Greenview No 16	Canada	Nitehawk Year-Round Adventure Park	6142
domain:goodlifemgmt.com	18582074595	goodlifemgmt.com	good life property management	San Diego	United States	Good Life Property Management	6143
domain:gossleeproperties.com	13187478469	gossleeproperties.com	gosslee property management	Bossier City	United States	Gosslee Property Management	6144
domain:gpprime.net	17805382980	gpprime.net	prime property management	Grande Prairie	Canada	Prime Property Management	6145
domain:greatnorthernpowderguides.com	14068812032	greatnorthernpowderguides.com	great northern powder guides	Whitefish	Canada	Great Northern Powder Guides	6146
domain:greenstreetpropertymanagement.com	18587751684	greenstreetpropertymanagement.com	green street property management	San Diego	United States	Green Street Property Management	6147
domain:griffinlakecabins.com	17809075328	griffinlakecabins.com	griffin lake cabin rentals	Columbia-Shuswap	Canada	Griffin Lake Cabin Rentals	6148
domain:grousemountain.com	16049809311	grousemountain.com	grouse mountain	District of North Vancouver	Canada	Grouse Mountain	6149
domain:guardianpropertymanager.com	19365241301	guardianpropertymanager.com	guardian property management	Spring	United States	Guardian Property Management	6150
domain:gwynnevalley.ca	17803523515	gwynnevalley.ca	gwynne valley ski area	Division No. 11	Canada	Gwynne Valley Ski Area	6151
domain:h2hvacationrentals.net	19033097017	h2hvacationrentals.net	the rustic retreat at lake o the pines rental avinger tx	Avinger	United States	The Rustic Retreat at Lake O the Pines Rental - Avinger, Tx	6152
domain:haciendaoaks.com	18059250037	haciendaoaks.com	hacienda oaks property management	Santa Maria	United States	Hacienda Oaks Property Management	6153
domain:hale-pohaku.com		hale-pohaku.com	hale pohaku	Kailua Kona	United States	Hale Pohaku	6154
domain:lodgify.com	16025246592	lodgify.com	halfmoon hideaway vacation rentals	Columbia Falls	Canada	Halfmoon Hideaway Vacation Rentals	6155
domain:hanalei-vacation.com	14153086282	hanalei-vacation.com	hale reed hanalei vacation rental on kauai	Hanalei	United States	Hale Reed Hanalei vacation rental on Kauai	6156
domain:hanaleivacationrental.com	14153101919	hanaleivacationrental.com	maluhia hanalei vacation rental	Hanalei	United States	Maluhia Hanalei Vacation Rental	6157
domain:handhrealestateservices.com	18057059460	handhrealestateservices.com	holly honarvar director of property management	Santa Barbara	United States	Holly Honarvar - Director of Property Management	6158
domain:harborpm.com	14242874969	harborpm.com	harbor property management	Rancho Palos Verdes	United States	Harbor Property Management	6159
domain:harpermountain.com	12508280608	harpermountain.com	harper mountain ski and snowboard	Kamloops	Canada	Harper Mountain Ski and Snowboard	6160
domain:havenpointlbi.com	5126185870	havenpointlbi.com	havenpoint property management	Buda	United States	Havenpoint Property Management	6161
domain:hawaii-paradise.com	18083978222	hawaii-paradise.com	waikiki vacation rental	Honolulu	United States	Waikiki Vacation Rental	6162
domain:hawaiipropertymanagementteam.com	18083939800	hawaiipropertymanagementteam.com	hawaii property management team	Honolulu	United States	Hawaii Property Management Team	6163
domain:helmproperty.com	17804083082	helmproperty.com	helm property management and realty	Edmonton	Canada	Helm Property Management and Realty	6164
domain:hermitagepm.com	19493002634	hermitagepm.com	hermitage property management	Irvine	United States	Hermitage Property Management	6165
domain:heronsroost.com	14062933530	heronsroost.com	heron s roost vacation rental	Libby	Canada	Heron's Roost Vacation Rental	6166
domain:herridgerealty.com	19513644799	herridgerealty.com	herridge real estate and property management	San Diego	United States	Herridge Real Estate and Property Management	6167
domain:hillcountrypm.com	15123463309	hillcountrypm.com	hill country property management	Austin	United States	Hill Country Property Management	6168
domain:hilltop365.com	14088910573	hilltop365.com	hilltop 365 paso robles vacation home rental	Paso Robles	United States	Hilltop 365 Paso Robles Vacation Home Rental	6169
domain:hinkensgroup.com	18054303292	hinkensgroup.com	the hinkens group property management	Lompoc	United States	The Hinkens Group Property Management	6170
domain:hipacificpm.com	18084459223	hipacificpm.com	hawaii pacific property management	Aiea	United States	Hawaii Pacific Property Management	6171
domain:hollispropertymanagement.com	18178754985	hollispropertymanagement.com	hollis property management llc	Southlake	United States	Hollis Property Management, LLC	6172
domain:homelabpm.com	12104260511	homelabpm.com	homelab property management	San Antonio	United States	HomeLab Property Management	6173
domain:hometeampm.com	16198727368	hometeampm.com	hometeam property management	Chula Vista	United States	HomeTeam Property Management	6174
domain:horizonpropmanagement.com	19518231322	horizonpropmanagement.com	horizon property management	Riverside	United States	Horizon Property Management	6175
domain:purepm.co	19512254020	purepm.co	house match property management dre 01953163	Temecula	United States	House Match Property Management DRE 01953163	6176
domain:hpman.ca	14033140099	hpman.ca	hearthstone property management	Red Deer	Canada	Hearthstone Property Management	6177
domain:hspropmgt.com	16197963359	hspropmgt.com	hs property management	La Mesa	United States	HS Property Management	6178
domain:htownrpm.com	12818949111	htownrpm.com	real property management preferred	Houston	United States	Real Property Management Preferred	6179
domain:humphreysresidential.com	16198006567	humphreysresidential.com	humphreys residential property management	San Diego	United States	Humphreys Residential Property Management	6180
domain:hunterpm.com	15128934429	hunterpm.com	hunter property management	San Marcos	United States	Hunter Property Management	6181
domain:hunterrentals.com	12546343311	hunterrentals.com	hunter rentals sales	Killeen	United States	Hunter Rentals & Sales	6182
domain:hydepropertymanagement.com	12502537231	hydepropertymanagement.com	hyde property management shuswap	Columbia-Shuswap	Canada	Hyde Property Management Shuswap	6183
domain:iconicpm.com	16199309447	iconicpm.com	iconic property management	La Jolla	United States	Iconic Property Management	6184
domain:idealproperty.com	17149243860	idealproperty.com	ideal property management	Placentia	United States	Ideal Property Management	6185
domain:iehouses.com	9512472100	iehouses.com	iehouses property management	Moreno Valley	United States	iehouses Property Management	6186
domain:igomaui.com	18082808226	igomaui.com	i go maui vacation rentals	Hawaii::g22of2x2	United States	I Go Maui Vacation Rentals	6187
domain:iheartrealty.com	12103658024	iheartrealty.com	iheart realty and property management	San Antonio	United States	iHeart Realty and Property Management	6188
domain:inalyzeproperty.com	12148884183	inalyzeproperty.com	inalyze property management	Dallas	United States	Inalyze Property Management	6189
domain:innisfailskihill.com		innisfailskihill.com	innisfail ski hill	Innisfail	Canada	Innisfail Ski Hill	6190
domain:inspirepm.com	17787380234	inspirepm.com	inspire property management ltd	Kelowna	Canada	Inspire Property Management Ltd.	6191
domain:inspirerealestate.org	17602281113	inspirerealestate.org	inspire real estate and property management	Yucca Valley	United States	Inspire Real Estate and Property Management	6192
domain:integrityplace.com	19517361500	integrityplace.com	integrity place realty property management	Corona	United States	Integrity Place Realty & Property Management	6193
domain:integrityrealtypm.com	19514655445	integrityrealtypm.com	integrity realty and property management	Riverside	United States	Integrity Realty and Property Management	6194
domain:investorspropertymanagement.com	15123533159	investorspropertymanagement.com	investors property management	San Marcos	United States	Investors Property Management	6195
domain:ipmgsd.com	17609674764	ipmgsd.com	investors property management group	Oceanside	United States	Investors Property Management Group	6196
domain:ipmhome.com	16268292228	ipmhome.com	ideal property management inc	Diamond Bar	United States	Ideal Property Management Inc	6197
domain:ipmi.biz	13105594764	ipmi.biz	iproperty management investments	Los Angeles	United States	IProperty Management & Investments	6198
domain:ipropmgmt.com	17143985605	ipropmgmt.com	investors property management	Fullerton	United States	Investors Property Management	6199
domain:jaxontexas.com	19155032308	jaxontexas.com	jaxon texas property management	El Paso	United States	Jaxon Texas Property Management	6200
domain:jchawaiirealty.com	18082068838	jchawaiirealty.com	jc hawaii realty corp property management sales	Honolulu	United States	JC Hawaii Realty Corp- Property Management & Sales	6201
domain:jdproperty.com	7147512787	jdproperty.com	j d property management	Costa Mesa	United States	J.D. Property Management	6202
domain:jenkinspropertymanagement.com	13102193840	jenkinspropertymanagement.com	jenkins property management	Lawndale	United States	Jenkins Property Management	6203
domain:jerryrental.ca	16046792222	jerryrental.ca	jerry wang property management	West Vancouver	Canada	Jerry Wang Property Management	6204
domain:jksrealty.ca	12503918484	jksrealty.ca	jks realty and property management	Langford	Canada	JKS Realty and Property Management	6205
domain:jle1.com	17147780480	jle1.com	jle property management	Tustin	United States	JLE Property Management	6206
domain:jpproperty.ca	15878972667	jpproperty.ca	jp property management ltd	Calgary	Canada	JP Property Management Ltd.	6207
domain:kapeproperties.com	18669403400	kapeproperties.com	kape property management inc	Los Angeles	United States	Kape Property Management, Inc	6208
domain:kvrgalveston.com	19365826976	kvrgalveston.com	karas vacation rentals management	Galveston	United States	Karas Vacation Rentals Management	6209
domain:karepm.ca	12507940510	karepm.ca	kare property management group ltd	Fort St John	Canada	KARE Property Management Group Ltd.	6210
domain:kellyrealtyteam.com	18306139341	kellyrealtyteam.com	kelly property management co	Horseshoe Bay	United States	Kelly Property Management Co.	6211
domain:kelownaboutiquevacationrentals.com	16046157306	kelownaboutiquevacationrentals.com	kelowna boutique vacation rentals	Central Okanagan	Canada	Kelowna Boutique Vacation Rentals	6212
domain:ketchikanviews.com	16617145762	ketchikanviews.com	viewtopia vacation rentals	Ketchikan	Canada	Viewtopia Vacation Rentals	6213
domain:keyproperty.ca	17808335555	keyproperty.ca	key investment property management inc	Grande Prairie	Canada	Key Investment Property Management Inc.	6214
domain:kidderandcompany.ca	14038308636	kidderandcompany.ca	kidder company real estate property management	Cochrane	Canada	Kidder & Company Real Estate & Property Management	6215
domain:kineticproperties.ca	12504341375	kineticproperties.ca	kinetic realty and property management	Kamloops	Canada	Kinetic Realty and Property Management	6216
domain:kinosoo.ca	17805945564	kinosoo.ca	kinosoo ridge resort	Division No. 12	Canada	Kinosoo Ridge Resort	6217
domain:kjpmi.com	15622288501	kjpmi.com	k jeremiah property management	Long Beach	United States	K. Jeremiah Property Management	6218
domain:knorentals.com	19728757903	knorentals.com	k nor property management	Ennis	United States	K-Nor Property Management	6219
domain:knotbayhaven.com	14094431061	knotbayhaven.com	knot bay haven vacation rental in rockport tx	Rockport	United States	Knot Bay Haven Vacation Rental in Rockport TX.	6220
domain:kohalaluxuryrentals.com	18083330060	kohalaluxuryrentals.com	kohala luxury rentals	Kamuela	United States	Kohala Luxury Rentals	6221
domain:konaleilani.com	13107042685	konaleilani.com	kona leilani vacation home	Captain Cook	United States	Kona Leilani Vacation Home	6222
domain:konareefs.com	16262210730	konareefs.com	kona reef condos and vacation rentals	Kailua Kona	United States	Kona Reef Condos and Vacation Rentals	6223
domain:konavacationhome.com	18083256795	konavacationhome.com	kona vacation home rentals	Kailua Kona	United States	Kona Vacation Home Rentals	6224
domain:korealty.ca	14034000699	korealty.ca	ko realty calgary real estate brokerage calgary property management company	Calgary	Canada	KO Realty - Calgary Real Estate Brokerage & Calgary Property Management Company	6225
domain:skifortress.com	14038085972	skifortress.com	kpow cat skiing at fortress mountain	Calgary	Canada	KPOW Cat Skiing at Fortress Mountain	6226
domain:kuauplaza.com	18082143869	kuauplaza.com	kuau plaza vacation rental	Paia	United States	Kuau Plaza Vacation Rental	6227
domain:kzrealty.com	17605014723	kzrealty.com	ez realty property management	Temecula	United States	EZ Realty & Property Management	6228
domain:lafittesretreatcrystalbeach.com	12816356064	lafittesretreatcrystalbeach.com	lafitte s retreat crystal beach vacation rental	Port Bolivar	United States	Lafitte's Retreat Crystal Beach Vacation Rental	6229
domain:tenantcloud.com	19514054470	tenantcloud.com	laguna property management	Lake Elsinore	United States	Laguna Property Management	6230
domain:lakefair.net	18325413796	lakefair.net	lakefair realty and property management	Richmond	United States	Lakefair Realty and Property Management	6231
domain:lakehavasupropertymanagement.com	19288547210	lakehavasupropertymanagement.com	lake havasu property management	Lake Havasu City	United States	Lake Havasu Property Management	6232
domain:lakeshorevillasresort.ca	17786886941	lakeshorevillasresort.ca	lakeshore villas resort	Osoyoos	Canada	Lakeshore Villas Resort	6233
domain:lakesideparadisetx.com	19793182511	lakesideparadisetx.com	lakeside paradise vacation rentals	Canyon Lake	United States	Lakeside Paradise Vacation Rentals	6234
domain:laluxpm.com	18182754809	laluxpm.com	la lux property management	La Crescenta	United States	LA Lux Property Management	6235
domain:lamirage-portaransas.com	13617496030	lamirage-portaransas.com	la mirage beachfront condominium resort	Port Aransas	United States	La Mirage Beachfront Condominium Resort	6236
domain:landlordpm.com	2104921695	landlordpm.com	landlord property management	San Antonio	United States	Landlord Property Management	6237
domain:landmarkcalifornia.com	19513716700	landmarkcalifornia.com	landmark property management	Corona	United States	Landmark Property Management	6238
domain:landmarkmgmt.co	18173819394	landmarkmgmt.co	landmark property management	Mansfield	United States	Landmark Property Management	6239
domain:lasapropertymanagement.com	15122342519	lasapropertymanagement.com	lasa property management	Cedar Park	United States	LASA Property Management	6240
domain:leappm.com	17143992767	leappm.com	leap property management	Huntington Beach	United States	Leap Property Management	6241
domain:leasepeak.com	18174313700	leasepeak.com	peak property management	Hurst	United States	Peak Property Management	6242
domain:leasewell.ca	15873333111	leasewell.ca	tristone property management	Calgary	Canada	Tristone Property Management	6243
domain:leasingrpm.com	18044532734	leasingrpm.com	rooftop property management	San Antonio	United States	Rooftop Property Management	6244
domain:legacypmtx.com	18307740371	legacypmtx.com	legacy property management	Del Rio	United States	Legacy Property Management	6245
domain:legacywestpm.com	17608072180	legacywestpm.com	legacy west property management	Vista	United States	Legacy West Property Management	6246
domain:leopoldstrahanmgmt.com	14093593434	leopoldstrahanmgmt.com	leopold strahan property management	Texas City	United States	Leopold & Strahan Property Management	6247
domain:lfpropertyhouston.com	13463121576	lfpropertyhouston.com	lf property management	Houston	United States	LF Property Management	6248
domain:managebuilding.com	18056039786	managebuilding.com	life s a beach property management	Ventura	United States	Life's a Beach Property Management	6249
domain:lillyenterprisesinc.com	13103247400	lillyenterprisesinc.com	lilly property management	Gardena	United States	Lilly Property Management	6250
domain:littleoakrentals.ca	16045047368	littleoakrentals.ca	royal lepage little oak property management	Abbotsford	Canada	Royal LePage Little Oak Property Management	6251
domain:livinggalveston.com	14092337325	livinggalveston.com	shane mcdermott living galveston real estate rentals property management	Galveston	United States	Shane McDermott - Living Galveston Real Estate, Rentals & Property Management	6252
domain:lmcoastal.com	19496463679	lmcoastal.com	l m coastal property management	Costa Mesa	United States	L&M Coastal Property Management	6253
domain:locatorpropertymanagement.com	16616333900	locatorpropertymanagement.com	locator property management	Bakersfield	United States	Locator Property Management	6254
domain:lockepm.com	18176313233	lockepm.com	locke property management	Fort Worth	United States	Locke Property Management	6255
domain:lockkeypropertymanagementgroup.com	14322601383	lockkeypropertymanagementgroup.com	lock and key property management group	Odessa	United States	Lock and Key Property Management Group	6256
domain:lonestarpropertymanagement.com	19365979202	lonestarpropertymanagement.com	lone star property management	Montgomery	United States	Lone Star Property Management	6257
domain:lonestarrealty.net	12546997003	lonestarrealty.net	lone star realty property management	Killeen	United States	Lone Star Realty & Property Management	6258
domain:luckofthedrawvacationrentalatlacasitacrossing.com	18325249407	luckofthedrawvacationrentalatlacasitacrossing.com	luck of the draw cabin vacation rental	Hunt	United States	Luck of the Draw Cabin Vacation Rental	6259
domain:luminouspropertymgmt.com	17472214960	luminouspropertymgmt.com	luminous property management	Burbank	United States	Luminous Property Management	6260
domain:luxuryhomerental.ca	16048001222	luxuryhomerental.ca	alex ren property management	Vancouver	Canada	Alex Ren Property Management	6261
domain:lystcorp.com	17143388877	lystcorp.com	catalyst property management	Anaheim	United States	Catalyst Property Management	6262
domain:magnoliarentalsinc.com	19566309888	magnoliarentalsinc.com	magnolia property management	McAllen	United States	Magnolia Property Management	6263
domain:magnumpropertymgt.com	19518166236	magnumpropertymgt.com	magnum property management	Murrieta	United States	Magnum Property Management	6264
domain:main-pm.com	18583810234	main-pm.com	main pm property management suite	Del Mar	United States	Main-PM Property Management Suite	6265
domain:mamborealty.com	12102016608	mamborealty.com	mambo realty property management	San Antonio	United States	Mambo Realty & Property Management	6266
domain:manage4us.com	14096821015	manage4us.com	manage4us property management services	Galveston	United States	Manage4us - Property Management Services	6267
domain:managedby247.com	14242414101	managedby247.com	twenty four seven property management	Inglewood	United States	Twenty-Four Seven Property Management	6268
domain:managedbyabc.com	18189572518	managedbyabc.com	abc property management	La Canada Flintridge	United States	ABC Property Management	6269
domain:manningskiclub.com		manningskiclub.com	manning district ski club	Division No. 17	Canada	Manning & District Ski Club	6270
domain:mapmanagement.com	15629453404	mapmanagement.com	map property management	Whittier	United States	MAP Property Management	6271
domain:marcushawaii.com	18088397446	marcushawaii.com	marcus property management	Honolulu	United States	Marcus Property Management	6272
domain:marinerspm.com	19492961104	marinerspm.com	mariners property management	Irvine	United States	Mariners Property Management	6273
domain:markiv.net	18054666275	markiv.net	mark iv property management systems	Atascadero	United States	Mark IV Property Management Systems	6274
domain:propertymanage.biz	18008115961	propertymanage.biz	match point property management	Bakersfield	United States	Match Point Property Management	6275
domain:maui-sun.com	14256675169	maui-sun.com	maui sun vacation rentals	Lahaina	United States	Maui Sun Vacation Rentals	6276
domain:mauirentals.org	18082140612	mauirentals.org	sea breeze vacation rentals	Lahaina	United States	Sea Breeze Vacation Rentals	6277
domain:maximumrealtypm.com	16265765776	maximumrealtypm.com	maximum realty property management	Alhambra	United States	Maximum Realty & Property Management	6278
domain:mayapropertymanagement.com	16614721922	mayapropertymanagement.com	maya property management	Bakersfield	United States	Maya Property Management	6279
domain:mbmpropertymanagementllc.com	15125068318	mbmpropertymanagementllc.com	mbm property management	Leander	United States	MBM Property Management	6280
domain:mccourtrealestate.com	14325208334	mccourtrealestate.com	mccourt property management	Midland	United States	McCourt Property Management	6281
domain:mcmprop.com	13239510400	mcmprop.com	mcm property management inc	Los Angeles	United States	MCM Property Management, Inc.	6282
domain:menehunereservations.com	18082800280	menehunereservations.com	menehune reservations	Kihei	United States	Menehune Reservations	6283
domain:meridianprop.com	17148361968	meridianprop.com	meridian property management	Santa Ana	United States	Meridian Property Management	6284
domain:merrittpropertymanagement.ca	12503150000	merrittpropertymanagement.ca	merritt property management ltd	Merritt	Canada	Merritt Property Management Ltd.	6285
domain:methowtrails.org	15099963287	methowtrails.org	methow trails	Winthrop	Canada	Methow Trails	6286
domain:mflpproperties.com	19569710108	mflpproperties.com	mflp property management	McAllen	United States	MFLP Property Management	6287
domain:micaheli.com	12508376191	micaheli.com	mica heliskiing	Revelstoke	Canada	Mica Heliskiing	6288
domain:kasa.com	19729925666	kasa.com	mint house dallas downtown	Dallas	United States	Mint House Dallas - Downtown	6289
domain:miserymountain.ca	17806244881	miserymountain.ca	misery mountain ski area	Peace River	Canada	Misery Mountain Ski Area	6290
domain:missioncitypm.com	18053197000	missioncitypm.com	mission city property management	Santa Barbara	United States	Mission City Property Management	6291
domain:missionpropertymanagement.com	19512767193	missionpropertymanagement.com	mission property management and sales	Riverside	United States	Mission Property Management and Sales	6292
domain:mollerpropertymanagement.com	16264449287	mollerpropertymanagement.com	moller property management	El Monte	United States	Moller Property Management	6293
domain:monasheepowder.com	12505450661	monasheepowder.com	monashee powder snowcats	Coldstream	Canada	Monashee Powder Snowcats	6294
domain:mountainski.com	18006615161	mountainski.com	mountain ski	Central Kootenay	Canada	Mountain Ski	6295
domain:mountjoyresort.com	15877892278	mountjoyresort.com	mount joy snow resort	Division No. 10	Canada	Mount Joy Snow Resort	6296
domain:mountwashington.ca		mountwashington.ca	mt washington b c	Courtenay	Canada	Mt. Washington, B.C.	6297
domain:mredfw.com	18175005265	mredfw.com	mre property management	Arlington	United States	MRE Property Management	6298
domain:mtbaker.us		mtbaker.us	mt baker washington	Sumas	Canada	Mt. Baker, Washington	6299
domain:mtnpropmgmt.com	19157574313	mtnpropmgmt.com	mountain property management llc	El Paso	United States	Mountain Property Management, LLC	6300
domain:mtwaterman.org	16197086595	mtwaterman.org	mt waterman	La Canada Flintridge	United States	Mt Waterman	6301
domain:murrayridge.com	12509968515	murrayridge.com	murray ridge ski hill and terrain park	Fort Saint James	Canada	Murray Ridge Ski Hill and Terrain Park	6302
domain:maxwellpropertymanagementgroup.com	18188603939	maxwellpropertymanagementgroup.com	maxwell property management group	Los Angeles	United States	MaxWell Property Management Group	6303
domain:mydesertvilla.com	17606369674	mydesertvilla.com	desert villas property management	Palm Desert	United States	Desert Villas Property Management	6304
domain:myfivestreet.com	12104535850	myfivestreet.com	five street property management	San Antonio	United States	Five Street Property Management	6305
domain:mykelownadiscovery.com	17806321515	mykelownadiscovery.com	my kelowna discovery vacation rental	Kelowna	Canada	My Kelowna Discovery Vacation Rental	6306
domain:myrentercenter.com	7148416500	myrentercenter.com	monterey property management	Huntington Beach	United States	Monterey Property Management	6307
domain:myuptownpropertymanagement.com	15624448644	myuptownpropertymanagement.com	uptown property management inc	Whittier	United States	Uptown Property Management Inc	6308
domain:myvicpropertymanagement.com	15879897368	myvicpropertymanagement.com	myvic property management	Edmonton	Canada	MyVic Property Management	6309
domain:nathangroupre.com	16197294301	nathangroupre.com	the nathan group ascent property management	San Diego	United States	The Nathan Group - Ascent Property Management	6310
domain:naturescallingllc.com	14064070662	naturescallingllc.com	natures calling cabin rentals	Columbia Falls	Canada	Natures Calling Cabin Rentals	6311
domain:nearmepm.com	19285422495	nearmepm.com	near me property management	Bullhead City	United States	Near Me Property Management	6312
domain:managebuilding.com	17145251750	managebuilding.com	nease property management	Fullerton	United States	Nease Property Management	6313
domain:nestrealtyltd.com	12505967368	nestrealtyltd.com	nest property management and real estate services	Prince George	Canada	Nest Property Management and Real Estate Services	6314
domain:newleafpropertymanagement.ca	14039106480	newleafpropertymanagement.ca	new leaf property management	Calgary	Canada	New Leaf Property Management	6315
domain:newspiritvacationhomes.com	19099105005	newspiritvacationhomes.com	serenity cabin in idyllwild	Idyllwild	United States	Serenity Cabin in Idyllwild	6316
domain:newwestpropertymanagement.com	16194871674	newwestpropertymanagement.com	newwest property management	San Diego	United States	NewWest Property Management	6317
domain:nextlevel.properties	14063930565	nextlevel.properties	next level property management	Kalispell	Canada	Next Level Property Management	6318
domain:nextlevelokanogan.com	15094767075	nextlevelokanogan.com	next level property management	Oroville	Canada	Next Level Property Management	6319
domain:nfpmteam.com	18083534732	nfpmteam.com	neal fineman property management	Honolulu	United States	Neal Fineman Property Management	6320
domain:nipomopm.com	18059297191	nipomopm.com	nipomo property management	Nipomo	United States	Nipomo Property Management	6321
domain:nmcpropertymanagement.com	12144446575	nmcpropertymanagement.com	navigate property management north tx	Frisco	United States	Navigate Property Management - North TX	6322
domain:noblehomes.ca	16042641001	noblehomes.ca	noble associates property management	Richmond	Canada	Noble & Associates Property Management	6323
