02d53469-7f33-47a4-b39a-06885739d97e	bootstrap-20260815T011144Z-037.jsonl	dreambox mykonos suites and mini villas	Αποκεντρωμένη Διοίκηση Αιγαίου	Greece	dreamboxmykonos.com	306983461243
6b8561bd-2f07-49d3-b58f-827a2a61ec23	bootstrap-20260815T011144Z-037.jsonl	dream holiday 4 you holiday rental	Newbridge	Ireland	dreamholiday4you.com	353857123252
0cdc7c01-6a01-4dde-b787-656724d6abec	bootstrap-20260815T011144Z-037.jsonl	dream ireland holiday homes	Killarney	Ireland	dreamireland.com	353646641170
d85e00b1-6f4c-4c4a-98a3-f49dd12486a7	bootstrap-20260815T011144Z-037.jsonl	dream team property management renovations corporation	Windsor	USA	dreamteamproperty.ca	12265067736
055924c2-acc0-4454-a5d5-0d12042ab42b	bootstrap-20260815T011144Z-037.jsonl	manuel s dream villa	Δήμος Ρεθύμνης	Greece	dreamyvillas.gr	306979791322
dd42475c-9e69-4d4e-94d3-ec813fc48929	bootstrap-20260815T011144Z-037.jsonl	drepani water ski resort	Galatás	Greece	drepaniwaterskiresort.com	306977779868
99f9c308-02fb-4355-ae73-66082d4ff679	bootstrap-20260815T011144Z-037.jsonl	distinctive real estate services	Rio Vista	USA	dresrentals.com	17073746294
fbe438f2-a527-45bc-828d-8bf23ce1aea3	bootstrap-20260815T011144Z-037.jsonl	driftless lodge vacation homes cabins	Boscobel	USA	driftlesslodge.com	16088223950
13f6d915-6d7b-444b-a3f3-7429d7335b1e	bootstrap-20260815T011144Z-037.jsonl	drys villas	Πλατανιάς	Greece	drys-villas.gr	306945959591
2ee04e47-913a-480b-8781-71c38a5411ae	bootstrap-20260815T011144Z-037.jsonl	drysdale property management	Citrus Heights	USA	drysdalepm.com	19166092087
97a1b819-a86f-4dc9-9da5-cff95879bd68	bootstrap-20260815T011144Z-037.jsonl	dreamstone property management	Atlanta	USA	dspm.us	14044451530
510a11ee-c490-4419-b031-f79a3ea332f3	bootstrap-20260815T011144Z-037.jsonl	dts property management	Wickliffe	USA	dtspropertymanagement.com	18889281555
05ae628e-556e-4e8e-ba0e-2028daa8cf10	bootstrap-20260815T011144Z-037.jsonl	dubai village	Cimitile	Italy	dubaivillage.it	390818296488
ef43ff41-7397-4aac-abdd-df8de2cf27fe	bootstrap-20260815T011144Z-037.jsonl	dubrovnik vacation rentals	Dubrovnik	Italy	dubrovnikchicrentals.com	385994242442
9529cf3a-63de-4aff-bfef-da54a6c8bbbb	bootstrap-20260815T011144Z-037.jsonl	dubrovnik luxury residence l orangerie	Dubrovnik	Italy	dubrovnikluxuryresidence.com	385953456543
565fb37a-68cb-4246-8ca9-d831a3ff4f8c	bootstrap-20260815T011144Z-037.jsonl	dunes realty vacation rentals	Murrells Inlet	USA	dunes.com	18436512116
ba767f69-0fe2-4e6c-b2ce-027dc2d256ab	bootstrap-20260815T011144Z-037.jsonl	dunes village resort	Myrtle Beach	USA	dunesvillage.com	18553407301
ff956bfb-a9f0-4b82-8db7-0e78c257be44	bootstrap-20260815T011144Z-037.jsonl	dunes waterfront resort	Mears	USA	duneswaterfrontresort.com	2318735500
bb47a0b8-52c4-4249-b172-94a12f36ba27	bootstrap-20260815T011144Z-037.jsonl	colorado lifestyle property management	Durango	USA	durangorealestaterentals.com	19703820134
6435c35d-48ff-4487-9a5f-0fb97450ff8a	bootstrap-20260815T011144Z-037.jsonl	durango property management	Durango	USA	durangorentals.com	19702595612
ebc34b17-9e19-4170-a165-36f558bb26bd	bootstrap-20260815T011144Z-037.jsonl	dv luxury villas lefkada	Lefkáda	Greece	dvvillas.gr	306932633048
fee6f8b8-b270-4baf-bbbc-eb758505a30d	bootstrap-20260815T011144Z-037.jsonl	dwelo property management	Charleston	USA	dwelo.io	18432856353
93e9ffd4-10d7-41f0-a44b-72f36182bf38	bootstrap-20260815T011144Z-037.jsonl	dynasty property management and sales llc	Charlotte	USA	dynastymgmt.com	7048377103
f81727fc-dde3-4fec-8136-348cae677172	bootstrap-20260815T011144Z-037.jsonl	crawfords property management	London	United Kingdom	e-crawfords.co.uk	442072244850
d1e9fcec-51fa-4ca1-8e45-b4fc01b06b13	bootstrap-20260815T011144Z-037.jsonl	eagle property management	Tracy	USA	eaglecv.com	12098321612
5c05a025-9e0c-48eb-858f-cc1a0ad23a52	bootstrap-20260815T011144Z-037.jsonl	quail property management	Sonora	USA	eaglemgmnt.com	12095326315
fe685979-ec61-4d7c-8015-e192b6ef572f	bootstrap-20260815T011144Z-037.jsonl	eagle valley cabin rentals	Sevierville	USA	eaglesridge.com	18657744414
34445f69-4dd9-4ee3-a054-5cefe3ce8aab	bootstrap-20260815T011144Z-037.jsonl	east bay property management and consulting	Fremont	USA	eastbaypmc.com	15108941753
7fac7b98-9008-45ec-b8d5-98ef4780552a	bootstrap-20260815T011144Z-037.jsonl	east bickerton holiday home	Rothbury	United Kingdom	eastbickerton.co.uk	
64343f3e-8bab-45ea-aa91-3fcff0147f15	bootstrap-20260815T011144Z-037.jsonl	east canyon resort	Morgan	USA	eastcanyon.com	18013599030
267b03cb-086d-4e49-93cf-22bce61a9c43	bootstrap-20260815T011144Z-037.jsonl	eastern property management	Greenville	USA	easternpm.com	12523213281
9db031a9-2d0f-472f-b895-558fb6348c90	bootstrap-20260815T011144Z-037.jsonl	east of preveli villas	Keramés	Greece	eastofprevelivillas.com	306973738141
e53bda43-6ef4-49da-8b22-4c2770b1c9b1	bootstrap-20260815T011144Z-037.jsonl	eastside property management llc	Morrisville	USA	eastsidenc.com	18333278743
41d251fc-0116-454f-853c-9e76e15b5275	bootstrap-20260815T011144Z-037.jsonl	jim henry vacation rentals	Kingston	USA	easttnvacarentals.com	18657170185
6af2c247-7dd2-448e-902b-dcf3757bb9c8	bootstrap-20260815T011144Z-037.jsonl	east west property management	Duluth	USA	eastwestrentals.com	2184646727
02325d32-2652-4341-9863-2a175da5757e	bootstrap-20260815T011144Z-037.jsonl	domus property management	Χανιά	Greece	easyaccommodation.gr	306983504132
1ed316ed-f1ef-48e3-af45-ff01fcb4ec9d	bootstrap-20260815T011144Z-037.jsonl	easylet property management	Edinburgh	United Kingdom	easyletproperty.com	441312269382
eae4c132-e02f-4cd4-ace8-7214f5170a24	bootstrap-20260815T011144Z-037.jsonl	echo bay resort	Prairie Lake	USA	echobaychetek.com	17159243266
204d20a5-7ce7-46c5-a8f0-6df5c6941de1	bootstrap-20260815T011144Z-037.jsonl	echo mountain	Idaho Springs	USA	echomtn.com	19705315038
40b81935-3598-48e5-82d4-818af0668ab0	bootstrap-20260815T011144Z-037.jsonl	eco green residences and suites	Τορώνη	Greece	ecogreensuites.eu	306944663322
8abbb671-28a3-42aa-ada9-543e17ba8c14	bootstrap-20260815T011144Z-037.jsonl	ecos property management	Lincolnton	USA	ecospropertymanagement.com	17063891143
e50596b1-b1f2-4321-9602-d1f1f0805484	bootstrap-20260815T011144Z-037.jsonl	edelweiss	Candanchu	Spain	edelweisscandanchu.com	974373200
9af3a984-fa8c-47fb-8d2d-f0d8fd55cdc5	bootstrap-20260815T011144Z-037.jsonl	edem villa apartments polychrono hanioti chalkidiki	Kassándra	Greece	edemvillas.gr	306945668050
bc5d7c94-f964-4d5b-ad1a-bd7587df3028	bootstrap-20260815T011144Z-037.jsonl	eden seaside boutique suites	Κύθηρα	Greece	eden-kythira.com	306977575900
7c71bce5-a133-4cfe-bcdd-b0fff5752510	bootstrap-20260815T011144Z-037.jsonl	eden villas	Zákynthos	Greece	edenvillaszakynthos.com	306971869296
8f9ec631-6bd1-496e-b508-f535a1c05111	bootstrap-20260815T011144Z-037.jsonl	edge property management	Lorain	USA	edgepropmanagement.com	14409607369
0ca117cc-4e88-4e08-88d0-ce3d633af678	bootstrap-20260815T011144Z-037.jsonl	edgestone property management	Kalamazoo	USA	edgestonepm.net	12692304900
81126442-0079-46b0-9e92-545518b54cf7	bootstrap-20260815T011144Z-037.jsonl	efilenia luxury villas	Κέρκυρα	Greece	efileniavillas.com	306980270419
63ca4816-5f62-4b7d-b7c8-53b0572890fd	bootstrap-20260815T011144Z-037.jsonl	efmar exclusive stone residences	Γύθειο	Greece	efmar.gr	306977640136
76e926b6-c6d0-4c4e-b856-b238a8811509	bootstrap-20260815T011144Z-037.jsonl	e h property management	Blue Mountains	USA	ehpm.ca	15195993585
d94dde3b-293a-479e-bbd8-9ae2840ab925	bootstrap-20260815T011144Z-038.jsonl	e h property management	Sacramento	USA	ehpropertymanagement.com	9164284963
8ee97b38-ef2f-46c5-8770-c53fd9898240	bootstrap-20260815T011144Z-038.jsonl	eagle property management	Elk Grove	USA	eimproperties.com	19167140123
066e6e10-1514-4a87-bd4c-4718807ee83c	bootstrap-20260815T011144Z-038.jsonl	elaia villas	Περιφέρεια Βόρειου Αιγαίου	Greece	elaiavillas.com	306944833802
963adc03-0a49-47d7-8ebb-09792c5e5c08	bootstrap-20260815T011144Z-038.jsonl	elaiodasos villas	Αργοστόλι	Greece	elaiodasos.gr	306977646111
38c011cc-15a2-43fe-aaed-0a1e3861010d	bootstrap-20260815T011144Z-038.jsonl	elaionas nikou waterfront villa retreat	Περιφερειακή Ενότητα Λέσβου	Greece	elaionasnikou.com	302251044536
e526294c-548c-4863-9814-7b95c0985b3c	bootstrap-20260815T011144Z-038.jsonl	elais luxury villas	Πάργα	Greece	elaisvillas.gr	306947102954
b0eb7e57-d3af-4630-8f93-0aa5824f136a	bootstrap-20260815T011144Z-038.jsonl	elakati luxury boutique hotel	Ρόδος	Greece	elakati.com	302241070688
d6d9a1fb-1dd3-48c9-a257-04c727e19cfa	bootstrap-20260815T011144Z-038.jsonl	eland dream villas	Νέα Κυδωνία	Greece	eland-dreamvillas.com	306946773010
aefd735b-51e5-433d-be8d-335d61a8ba1f	bootstrap-20260815T011144Z-038.jsonl	elayon club residence	Vibonati	Italy	elayonclub.it	390973603646
783b77ee-1996-4354-9e15-55dfa2c0f4fb	bootstrap-20260815T011144Z-038.jsonl	residence baia del sole	Capoliveri	Italy	elbahotelappartamenti.com	390565940100
efb40ce0-ed5b-4abf-99b6-090a68298d90	bootstrap-20260815T011144Z-038.jsonl	woodward eldora	Nederland	USA	eldora.com	13034408700
07164ed6-e951-4e3c-9cc4-ebb0925a55af	bootstrap-20260815T011144Z-038.jsonl	elea suites and residences	Γούβες	Greece	eleasuites.gr	302897042158
a7ec75c6-f344-40d6-8ae8-3fca7cecb547	bootstrap-20260815T011144Z-038.jsonl	elena luxury living vacation home	Ανατολικός Όλυμπος	Greece	elenaluxuryliving.com	306987914888
9ed3086c-987f-46cc-aaef-365ed8a4896e	bootstrap-20260815T011144Z-038.jsonl	eleni luxury villa	Θινάλιο	Greece	elenilv.com	306944646252
301ce6e1-d597-4186-a2c5-ffc1c2ec422a	bootstrap-20260815T011144Z-038.jsonl	eleonas village furnished vacation residences	Βαθύ	Greece	eleonasvillage.gr	
064306fa-2686-435d-b31f-f436bc441ed2	bootstrap-20260815T011144Z-038.jsonl	elevated property management	Rohnert Park	USA	elevated.living	17077403647
6dcb42de-6405-4731-bf53-ad1064c640c3	bootstrap-20260815T011144Z-038.jsonl	elevated management group albuquerque property management	Albuquerque	USA	elevatedrentalsnm.com	5052576090
e271d9ea-72be-4c29-9f08-25e697106a72	bootstrap-20260815T011144Z-038.jsonl	elia residences santorini	Θήρα	Greece	elia-apartments.gr	306974700795
107f04f3-47d0-4fbc-a2f6-e46a30f43adf	bootstrap-20260815T011144Z-038.jsonl	eliamos villas hotel spa relais ch teaux	Klísmata	Greece	eliamos.com	306945549480
45a591cb-7703-4022-b041-8d427282c5c7	bootstrap-20260815T011144Z-038.jsonl	elianthos luxury villas	Αποκεντρωμένη Διοίκηση Πελοποννήσου, Δυτικής Ελλάδας και Ιονίου	Greece	elianthos.gr	306988464929
b8c8e409-cf0b-44ae-b9d3-68d95f5c0c85	bootstrap-20260815T011144Z-038.jsonl	rentfy property management	Charlotte	USA	elitecarolinas.com	19804009507
fcb5475e-f86b-4eba-8b61-e053dd9387ad	bootstrap-20260815T011144Z-038.jsonl	elite holiday homes	Evesham	United Kingdom	eliteholidayhomes.co.uk	
b0bbbf2e-2ffa-4bd2-b5e8-2c981693c5aa	bootstrap-20260815T011144Z-038.jsonl	elite impact realty and property management	Tucson	USA	eliteimpactrealty.com	15209755661
c66443ea-ea48-4203-afa6-ea5fdec7438f	bootstrap-20260815T011144Z-038.jsonl	elite key property management ltd	Ulverston	United Kingdom	elitekeypropertymanagement.co.uk	441539482757
f5bb1706-be84-4047-aa77-162f0b75589d	bootstrap-20260815T011144Z-038.jsonl	elite property management inc	Cambridge	USA	elitemgt.ca	12262206806
bcde2f45-af05-4226-857f-d94987c7eb1c	bootstrap-20260815T011144Z-038.jsonl	elite property management	Southfield	USA	elitep-m.com	2482281340
a4f9bdee-1388-4f1f-87fc-722aab9e0249	bootstrap-20260815T011144Z-038.jsonl	scottsdale golf villa	Scottsdale	USA	elitevrs.com	13192312744
be830b92-bcd5-443b-8d9f-fffff65c1565	bootstrap-20260815T011144Z-038.jsonl	elk camp vacation rental gordon wi	Wascott	USA	elkcampvacationrentals.com	16514701643
b1dfecee-5c39-4ad3-a562-e315bbcbda50	bootstrap-20260815T011144Z-038.jsonl	elk mountain resort	Montrose	USA	elkmountainresort.com	19709015370
cfd8d513-6876-4abf-8c69-0079fd45db9e	bootstrap-20260815T011144Z-038.jsonl	elmhurst property management	Eastleigh	United Kingdom	elmhurstproperty.co.uk	442380260771
bfc66485-479d-4602-91d4-cc951a2b4f07	bootstrap-20260815T011144Z-038.jsonl	el moore lodge residences	Detroit	USA	elmoore.com	3139244374
0434b133-1884-4409-ada9-33f51db4052c	bootstrap-20260815T011144Z-038.jsonl	elounda beach hotel and villas	Άγιος Νικόλαος	Greece	eloundabeach.gr	302841063000
ae79bc87-9fed-4c9d-9c8c-195c860ca59e	bootstrap-20260815T011144Z-038.jsonl	elounda island villas	Περιφερειακή Ενότητα Λασιθίου	Greece	eloundaisland.gr	302841041274
f1f8c731-16b5-48fc-a1af-67b3a5dc4579	bootstrap-20260815T011144Z-038.jsonl	elounda luxury villas	Άγιος Νικόλαος	Greece	eloundaluxuryvillas.com	
af053fbe-1418-4d3b-9e50-642210d345ab	bootstrap-20260815T011144Z-038.jsonl	elounda residence resort waterpark	Άγιος Νικόλαος	Greece	eloundaresidence.gr	302841041823
5f2c7484-de70-407e-a4fe-9aa4f38ae63d	bootstrap-20260815T011144Z-038.jsonl	elounda gulf villas an slh hotel	Άγιος Νικόλαος	Greece	eloundavillas.com	302810227132
af245f5c-2fcb-4891-999b-b9a1c31a4dd9	bootstrap-20260815T011144Z-038.jsonl	anemos elounda villas	Άγιος Νικόλαος	Greece	eloundavillascrete.com	306944456753
e33d7f9f-dc56-4264-85b1-71605c254aea	bootstrap-20260815T011144Z-038.jsonl	east lothian property management	Longniddry	United Kingdom	elpm.co.uk	441875870425
09453555-3514-44d5-b06c-22c9045bbc94	bootstrap-20260815T011144Z-038.jsonl	elsa holiday home	Siracusa	Italy	elsaholidayhome.it	393489888746
14ea467a-a63a-4dba-91e6-06404a847217	bootstrap-20260815T011144Z-038.jsonl	elthea corfu luxury villas	Μελιτειέοι	Greece	eltheacorfuvillas.com	306937150257
ff9ed740-a57c-4f51-892e-52770740e248	bootstrap-20260815T011144Z-038.jsonl	elyon property management	Kenosha	USA	elyon-pm.com	12626123565
3a1abd47-6b1d-4a77-8080-19500e686236	bootstrap-20260815T011144Z-038.jsonl	emerald property management services ltd	Reading	United Kingdom	emeraldpropertyservice.com	441184693492
1e83d9a2-344b-4581-8735-34481ed9a85c	bootstrap-20260815T011144Z-038.jsonl	onym curated villas	Νάξος	Greece	emeriacollection.com	302285042871
41984822-265d-4038-8404-106233bccf42	bootstrap-20260815T011144Z-038.jsonl	emilios villas	Δημοτική Ενότητα Παλαίρου	Greece	emiliosvillas.gr	306974954143
95c98987-40d4-4bdd-84c4-08e8923ef053	bootstrap-20260815T011144Z-038.jsonl	emily villas	Περιφερειακή Ενότητα Κεφαλληνίας	Greece	emilyvillas.com	306975225155
e769132c-cfbf-49a9-8e19-5e3c88fb60de	bootstrap-20260815T011144Z-038.jsonl	enali villas	Κίσσαμος	Greece	enalivillas.com	306986226822
2797e5fa-6b4c-4c21-a276-7f6796821a09	bootstrap-20260815T011144Z-038.jsonl	enastron villas	Δήμος Τριφυλίας	Greece	enastronvillas.gr	302761071171
0cccf240-81fd-4f0a-87e7-48a8b3449a71	bootstrap-20260815T011144Z-038.jsonl	enc pirate realty howard hanna allen tate real estate	Greenville	USA	encpiraterealty.com	12523782313
e552539b-3b09-4c22-961e-1e183c300225	bootstrap-20260815T011144Z-038.jsonl	enervillas luxury villas	Περιφέρεια Δυτικής Ελλάδας	Greece	enervillas.gr	306984164168
0a908d16-cfdb-49df-b24f-ec2fa7582b17	bootstrap-20260815T011144Z-038.jsonl	en patmo holiday home	Πάτμος	Greece	enpatmo.gr	306946656673
5a503fb5-77f4-42df-8d82-ede3bc754797	bootstrap-20260815T011144Z-039.jsonl	entheos grand villa mykonos	Μύκονος	Greece	entheoscollection.com	306973539102
b3272ca8-9535-4028-b9b4-d5c2709d6127	bootstrap-20260815T011144Z-039.jsonl	eolia luxury villas	Θήρα	Greece	eoliavillas.gr	306937289082
9f221476-a1c9-49bd-a6d7-3b29baad4589	bootstrap-20260815T011144Z-039.jsonl	ephraim shores resort	Ephraim	USA	ephraimshores.com	19208542371
005c81a1-03dc-4672-b6c1-e926865911b3	bootstrap-20260815T011144Z-039.jsonl	epic serviced apartments	Liverpool	United Kingdom	epicliverpool.co.uk	01517091719
e480b084-875e-4fb3-96d1-8c504e62df5b	bootstrap-20260815T011144Z-039.jsonl	epic property management	North Charleston	USA	epicpmcharleston.com	18438049010
7db7a497-d216-456b-b8a3-ebc97d820651	bootstrap-20260815T011144Z-039.jsonl	epm iowa real estate property management	Independence	USA	epmiowa.com	13195603543
1e792278-531c-42dc-8c8c-e11d604a398e	bootstrap-20260815T011144Z-039.jsonl	excel property management	Tulare	USA	epmrentals.com	15596881400
2f202626-31c4-4224-93f5-269d5f9c51a4	bootstrap-20260815T011144Z-039.jsonl	epos villas	Παλλήνη	Greece	eposvillas.gr	306936938001
c9d9d688-e252-4fb5-b6cd-2948aa34f8bb	bootstrap-20260815T011144Z-039.jsonl	equal property management	Αγία Παρασκευή	Greece	equalestate.gr	302106203777
3829e7bf-28ba-4fc9-911d-806e4e452c95	bootstrap-20260815T011144Z-039.jsonl	equity star realty property management	Cleveland Heights	USA	equity-star.com	14406831265
54e77466-88f9-4ed6-920a-a94a620df5e9	bootstrap-20260815T011144Z-039.jsonl	eraora hotel village paestum	Battipaglia	Italy	eraorahotelvillage.it	3908281990752
8a75b9ba-eec8-43b3-b465-76e78a0aaa79	bootstrap-20260815T011144Z-039.jsonl	erik s bike ski board	Madison	USA	eriksbikeshop.com	6082449825
b524be45-f758-4452-accf-9293edfda49c	bootstrap-20260815T011144Z-039.jsonl	erkina villas	Κασσωπαίοι	Greece	erkinavillascorfu.gr	306974600474
01811973-1527-48b0-8f73-f1a02253d1f0	bootstrap-20260815T011144Z-039.jsonl	erolidae villas	Δημοτική Ενότητα Ελειού Πρόνων	Greece	erolidaevillas.gr	302671081710
603eb6ca-fe81-40c3-b759-5d37433a777f	bootstrap-20260815T011144Z-039.jsonl	erondas cretan country villas	Réthimnon	Greece	erondas.gr	302834022382
21700a06-e80d-4fc1-bf64-9fc98aad9862	bootstrap-20260815T011144Z-039.jsonl	cambre d aze	Eyne	Spain	esf-cambredaze.net	33468042525
6f29ab56-fb80-4942-a656-b4064bab643b	bootstrap-20260815T011144Z-039.jsonl	espacio nordico de pineta	Bielsa	Spain	espacionordicodepineta.org	34603266313
dda1b9a1-24ec-469a-8588-039a6c439c7d	bootstrap-20260815T011144Z-039.jsonl	esperos suites and villas	Περιφέρεια Θεσσαλίας	Greece	esperospelion.gr	302423065532
02445f9b-4069-49c4-a4df-084d0d74dbb3	bootstrap-20260815T011144Z-039.jsonl	larra belagua	Isaba	Spain	esquilarrabelagua.com	34948394062
79478ca6-53ca-4706-8eac-a726b3b84c8f	bootstrap-20260815T011144Z-039.jsonl	essenza luxury rentals tailor made vacations italy	Gaiole In Chianti	Italy	essenzaescapes.com	39447543648271
76e31999-c53b-44a4-88e1-976c51cf2072	bootstrap-20260815T011144Z-039.jsonl	essex landscaping and property management	Windsor	USA	essexlandscaping.ca	12263458909
33ec2fa5-0892-4c80-8331-18927266e5b9	bootstrap-20260815T011144Z-039.jsonl	estates property management	Chester	United Kingdom	estatespm.co.uk	443330062930
d89ee01e-22d1-492a-8a68-8e4e55f81734	bootstrap-20260815T011144Z-039.jsonl	este elegant suites villas	Νότια Ρόδος	Greece	estesuites.com	302244047283
81c33196-4fbd-4af6-addd-d5495a5b5f35	bootstrap-20260815T011144Z-039.jsonl	etheria luxury villas suites	Ελατιές	Greece	etheriavillas.gr	306978103239
5c236684-e76f-4ac6-85d3-6e2ac547f7f5	bootstrap-20260815T011144Z-039.jsonl	ether property group property management renovations	London	USA	etherpropertygroup.ca	15483916244
b558ffb2-7ccd-4b23-9c06-0ada1437707d	bootstrap-20260815T011144Z-039.jsonl	euphoria boutique hotel	Thásos	Greece	euphoriaboutiquehotel.com	302593440020
b9808d23-04a4-49aa-92cb-b07ed74c6737	bootstrap-20260815T011144Z-039.jsonl	european touch property management	Oak Park	USA	europeantouchproperties.net	17085249531
38b3cd72-d0ae-4885-8cca-784080838781	bootstrap-20260815T011144Z-039.jsonl	euryclea residences	Αθήνα	Greece	euryclea.gr	306972273883
d5fb68ce-502e-4e8b-b3c0-0451446465b7	bootstrap-20260815T011144Z-039.jsonl	evgiros villas	Αποκεντρωμένη Διοίκηση Πελοποννήσου, Δυτικής Ελλάδας και Ιονίου	Greece	evgirosvillas.gr	306974486370
bebe6270-f4c9-4480-a807-bcdb38b54fe2	bootstrap-20260815T011144Z-039.jsonl	evinos village resort	Θέρμο	Greece	evinosvillage.gr	302634029335
e91a425e-0dcf-49a6-bfb6-edf687569bd0	bootstrap-20260815T011144Z-039.jsonl	evita s villas	Εξωμβούργο	Greece	evitasvillas-tinos.gr	306944568588
ab45913f-d676-40ae-9350-2bb21e4c86e7	bootstrap-20260815T011144Z-039.jsonl	evlalia studios and villas	Σκόπελος	Greece	evlaliastudios.com	306942029275
5145fc2a-80c7-417f-becd-a60edbf291bc	bootstrap-20260815T011144Z-039.jsonl	evolve property management	Atlanta	USA	evolvemanagement.com	16786792100
8c888e95-25e6-47fd-924c-45fdb06cc1e2	bootstrap-20260815T011144Z-039.jsonl	sunset hollow vacation rental	Asheville	USA	evolvevacationrental.com	18778181014
4085243e-3622-4f8a-a8e5-0a3a288993a5	bootstrap-20260815T011144Z-039.jsonl	modern serviced accommodation by evostar worksop	Worksop	United Kingdom	evostarshortstays.co.uk	441909300135
43c02429-3e5c-4701-976c-0fa64b3d51ed	bootstrap-20260815T011144Z-039.jsonl	evridiki s villas	Αποκεντρωμένη Διοίκηση Πελοποννήσου, Δυτικής Ελλάδας και Ιονίου	Greece	evridikivillas.gr	302645029415
72113129-7f55-4ed2-b006-ecbdd17e5389	bootstrap-20260815T011144Z-039.jsonl	evritos villas	Karpenísi	Greece	evritosvillas.com	306984151916
cc7e11a0-a6c1-4445-9f98-e8ae891469a7	bootstrap-20260815T011144Z-039.jsonl	exanthia villas	Σφακιώτες	Greece	exanthiavillas.com	302645099304
7e4f38d9-d0b9-4df6-9539-65252242e048	bootstrap-20260815T011144Z-039.jsonl	excel property management	Raleigh	USA	excelpropertymanagement.com	19198780522
90d22e8e-28a6-4211-b967-d0e8bc828617	bootstrap-20260815T011144Z-039.jsonl	excelsior consulting property management	Pellezzano	Italy	excelsiorconslt.com	393208822653
0f879146-91b6-4819-a17e-e5af5974445a	bootstrap-20260815T011144Z-039.jsonl	luxury villa excelsior park	Capri	Italy	excelsiorparco.com	390818379671
95bca644-d7f8-47cf-9724-70f8f8455835	bootstrap-20260815T011144Z-039.jsonl	lock and quay	Eastbourne	United Kingdom	exclusivelyeastbourne.co.uk	441323406090
b326c790-e07c-4382-8dc4-2c777d5a25e2	bootstrap-20260815T011144Z-039.jsonl	exclusive realty property management	Southern Pines	USA	exclusiverealtync.com	19102157615
3dfd951a-bc40-4a0b-9aba-e33d7f038faa	bootstrap-20260815T011144Z-039.jsonl	executives property management	Atwater	USA	executivepmrentals.com	12093587000
ed2014ae-1844-4a08-a6bb-d5bdc4e352ab	bootstrap-20260815T011144Z-039.jsonl	experience boutique hotel villa cimmino	Castellammare di Stabia	Italy	experience-hotel.it	390813903016
bf527d6b-39cb-420f-858f-520d4145403f	bootstrap-20260815T011144Z-039.jsonl	expert property management	Roseville	USA	expertpropmgmt.com	19168137653
35c170cd-271d-413e-bf50-c3e513efd0d0	bootstrap-20260815T011144Z-039.jsonl	beachfront villa extravaganza with infinity pool	Marina	Italy	extravaganza.hr	385992993992
3a8bd53b-4e6a-4fcd-b4dc-577255a071f4	bootstrap-20260815T011144Z-039.jsonl	villa ektoras by ey villas	Πάργα	Greece	eyvillas.com	306984479605
b3f9e6b4-6322-4f2a-9215-53677fe55dfd	bootstrap-20260815T011144Z-039.jsonl	fabs group inc	Livermore	USA	fabsinc.com	19252498800
8aa5e3c3-4aad-4a65-8e6a-42220e0994e8	bootstrap-20260815T011144Z-039.jsonl	fairmont property management	Chicago	USA	fairmontpm.com	17732705489
7d179b18-ca55-4dc7-a5e2-2aa092db4b1a	bootstrap-20260815T011144Z-040.jsonl	falasarna villas	Κίσσαμος	Greece	falasarnavillas.gr	306937151933
b84fb1c8-d3e4-444f-af2b-af800557723d	bootstrap-20260815T011144Z-040.jsonl	falirakibluevillas	Καλλιθέα	Greece	falirakibluevillas.gr	306944858049
86cfc678-f4eb-4a70-a176-f9b042a7501e	bootstrap-20260815T011144Z-040.jsonl	falling waters at rumbling bald north carolina mountain lake vacation home	Lake Lure	USA	fallingwatersrumblingbald.com	17276923118
e47bcdb8-d9cd-4269-9917-70070b82989c	bootstrap-20260815T011144Z-040.jsonl	falmouth cleaning and property management	Penryn	United Kingdom	falmouthcleaningmanagement.co.uk	441326531711
a9a0fd04-9cb9-4e6b-8f13-3c28aad82b62	bootstrap-20260815T011144Z-040.jsonl	family villa rentals	l'Ametlla de Mar	Spain	familyvillarentals.com	34661985333
96a0a2b7-f808-40fa-96ce-5be44d6ad2c7	bootstrap-20260815T011144Z-040.jsonl	faraday property management	London	United Kingdom	faraday-property.com	442032060066
e4319afe-8130-40ec-8236-e6e04a87cf49	bootstrap-20260815T011144Z-040.jsonl	farmside village cabin rentals	Alexander	USA	farmsidevillagenc.com	18283801453
98a06628-0f7a-4fe4-945a-d222c1a9b3a2	bootstrap-20260815T011144Z-040.jsonl	feather river property management	Yuba City	USA	featherriverpm.com	15305998955
d8be8e4f-e378-4ee4-a8e3-924879e28989	bootstrap-20260815T011144Z-040.jsonl	fennell property management	Knoxville	USA	fennellpm.com	18658036413
28f790e1-cc48-493c-ad4a-41d9788fa740	bootstrap-20260815T011144Z-040.jsonl	ferguson property management	Roseville	USA	fergusonpm.com	19169459350
3b9eff36-e5e0-457e-8817-55ccc3b70e60	bootstrap-20260815T011144Z-040.jsonl	fernwood property management sheffield lettings	Dronfield	United Kingdom	fernwoodpropertymanagement.co.uk	447713434652
88a12cce-5d77-46c2-8918-2424d0b093af	bootstrap-20260815T011144Z-040.jsonl	festival village	Salou	Spain	festivalsalou.com	34977373056
4ad80b5c-fcac-4e40-9cdd-4fbc17fa8e57	bootstrap-20260815T011144Z-040.jsonl	fickling and company residential property management	Warner Robins	USA	fickling.com	14783336472
28c3237a-3231-4b53-9ac9-432281d532ff	bootstrap-20260815T011144Z-040.jsonl	holiday home with hot tub at filey	Filey	United Kingdom	filey2lakeside.co.uk	447977864973
aef831f6-c4da-4497-8072-e6dd1b8329b8	bootstrap-20260815T011144Z-040.jsonl	filoxenia luxury villas	Θήρα	Greece	filoxenialuxuryvillas.com	306988590344
2b39e8c8-973a-480d-8a80-9e3402bad9ee	bootstrap-20260815T011144Z-040.jsonl	the finest villas of kefalonia	Αργοστόλι	Greece	finestvillaskefalonia.com	306948125877
12920c84-01d3-417f-951a-a982b6066991	bootstrap-20260815T011144Z-040.jsonl	finiki villas	Kárpathos	Greece	finikivillas.com	306959517805
2212509b-2ff0-479d-a276-9bd4e21068c4	bootstrap-20260815T011144Z-040.jsonl	dion zois villas	Μεθώνη	Greece	finikounda-villas.gr	302723071441
7238e944-0d67-41eb-bbca-12a611c87d20	bootstrap-20260815T011144Z-040.jsonl	tillyfruskie farm cabin	Banchory	United Kingdom	finzean.com	
1b533c17-7969-44ef-ac52-885b7c339242	bootstrap-20260815T011144Z-040.jsonl	fior di sardegna	Posada	Italy	fiordisardegna.com	390784810102
25e63283-af05-445c-8044-b12e36e4f249	bootstrap-20260815T011144Z-040.jsonl	firecreek retreat	Burnsville	USA	firecreekretreat.com	13127140504
64dea4e1-3047-4eb9-9676-13ded3f93864	bootstrap-20260815T011144Z-040.jsonl	fireside chalet and cabin rentals	Pigeon Forge	USA	firesidechalets.com	18777744121
4d804aca-cf2e-4838-b4fb-9d8b02b6fdcd	bootstrap-20260815T011144Z-040.jsonl	fireside vacation rentals	Duck Creek Village	USA	firesidevacationrentals.com	18005314355
ded0cec6-e707-459d-8f08-ba2535c2d703	bootstrap-20260815T011144Z-040.jsonl	first advantage property management	Mt Clemens	USA	firstadvantagepropertymanagement.com	13137881313
8ed35553-9356-49cc-b6ba-a540c8b733b5	bootstrap-20260815T011144Z-040.jsonl	first main property management	Napa	USA	firstandmainpm.com	17072078100
adcd8f66-c6cf-4a2b-bc8b-f53f683ab2ed	bootstrap-20260815T011144Z-040.jsonl	1st mountain property management	Waynesville	USA	firstmpm.com	18282469180
018c26e1-3934-40f9-953c-999288abd934	bootstrap-20260815T011144Z-040.jsonl	first property management	Holladay	USA	firstpmutah.com	18012561100
8f4618e5-5076-4745-9973-40239a807ddc	bootstrap-20260815T011144Z-040.jsonl	landmark property management	Plover	USA	firstrental.com	17155441100
57b34881-f917-40f3-a620-24f3a7161ae3	bootstrap-20260815T011144Z-040.jsonl	fiscardo luxurious stone villas	Fiskárdho	Greece	fiscardostonevillas.gr	306984799971
79223f51-26a9-433b-982c-74c8e7d91f97	bootstrap-20260815T011144Z-040.jsonl	fiscardo view villas	Έρισος	Greece	fiscardoviewvillas.com	306976880180
026890df-df64-4069-a946-3395346d72ab	bootstrap-20260815T011144Z-040.jsonl	five senses luxury villas	Σιθωνία	Greece	fivesensesvillas.gr	306947638778
f2937bae-a68a-4356-b024-7a99dcd68829	bootstrap-20260815T011144Z-040.jsonl	five stars property management	Myrtle Beach	USA	fivestarsproperty.com	18436553235
56c3affa-5c40-4997-a5a0-af405d942798	bootstrap-20260815T011144Z-040.jsonl	flackwell property management	Cumming	USA	flackwellproperties.com	16788079827
3617b6ae-85b7-4779-ad3e-8f9dbec67445	bootstrap-20260815T011144Z-040.jsonl	flagstaff nordic center	Flagstaff	USA	flagstaffnordiccenter.com	19282200550
b0abfdff-900d-4424-8ef8-5620a96faeee	bootstrap-20260815T011144Z-040.jsonl	seaview holiday homes rentals flamborough	Flamborough	United Kingdom	flamboroughholidays.co.uk	447866694893
6df8a3a6-f9b9-437d-8d0e-7ce018cf73a3	bootstrap-20260815T011144Z-040.jsonl	flamingo resort and spa	Santa Rosa	USA	flamingoresort.com	17075458530
b2e90954-81d3-4a3e-8b61-2cb4dd10d132	bootstrap-20260815T011144Z-040.jsonl	flanigan s villas	Springdale	USA	flanigansvillas.com	4356320798
e08e9f4f-834c-4ca6-9f70-b27afd675214	bootstrap-20260815T011144Z-040.jsonl	rustic lodge vacation rental	Shell Lake	USA	flipkey.com	17154682289
1579c83e-282a-46db-8a13-9dc91b8294e5	bootstrap-20260815T011144Z-040.jsonl	florence holiday homes	Firenze	Italy	florenceholidayhomes.com	393343465655
d5004241-965e-4a77-bf6c-2cdad17234a5	bootstrap-20260815T011144Z-040.jsonl	flowerburn holiday homes	Fortrose	United Kingdom	flowerburn.com	441381621069
034fe844-d67b-4baf-b948-d5359f03e796	bootstrap-20260815T011144Z-040.jsonl	focuswise property management	Mooresville	USA	focuswisepm.com	17045197354
d93167d1-68b8-486b-9d95-e65557b1dbd9	bootstrap-20260815T011144Z-040.jsonl	foivos and athina villas	Heraklion	Greece	foivosandathinavillas.com	306936042167
2dc752d8-4340-43fa-a4e2-6631de487134	bootstrap-20260815T011144Z-040.jsonl	folegandros villas	Περιφερειακή Ενότητα Θήρας	Greece	folegandros-villas.com	306942688311
f3232cc3-5095-4a16-b3c0-37d1ecabeecc	bootstrap-20260815T011144Z-040.jsonl	folly time beach rentals	Folly Beach	USA	follytime.com	18435803731
65c7e12e-2020-4833-af56-ba24001246b3	bootstrap-20260815T011144Z-040.jsonl	folly beach rentals follyvacation com	Folly Beach	USA	follyvacation.com	8438511869
1e3f47e0-af43-4fe8-b9fa-e37476a1b175	bootstrap-20260815T011144Z-040.jsonl	font romeu	Font Romeu Odeillo Via	Spain	font-romeu.fr	33468306830
491eb530-c832-4839-9a87-665d0fb20085	bootstrap-20260815T011144Z-040.jsonl	foothills property management	Anderson	USA	foothillspm.com	18647600661
57a5af8c-6326-4744-9189-678504c5884f	bootstrap-20260815T011144Z-040.jsonl	foothills property management	Sedona	USA	foothillsrentals.com	19282829533
19767d30-a16f-4cc8-90ae-165212aa5da3	bootstrap-20260815T011144Z-040.jsonl	footman butler prime property management	London	United Kingdom	footmanbutler.com	442070960571
23778337-3200-4b44-8cf7-ea416ba527e7	bootstrap-20260815T011144Z-040.jsonl	forbes group property management	San Jose	USA	forbesgrouppm.com	14083995252
9da930b1-fbd4-4793-b4b5-b75ae8f95bf6	bootstrap-20260815T011144Z-041.jsonl	forbush corner	Frederic	USA	forbushcorner.com	19898892843
1d88c948-1895-47c0-af98-49c2992444f5	bootstrap-20260815T011144Z-041.jsonl	forest city property management	London	USA	forestcitypropertymanagement.ca	15197191603
a5618831-6685-44e5-95f9-c66bdaa16272	bootstrap-20260815T011144Z-041.jsonl	forest resort suites skiathos	Greece Islands Mainland Premium	Greece	forestresortskiathos.com	306948687960
88b99dcf-a6a3-4180-badd-16793913fcb9	bootstrap-20260815T011144Z-041.jsonl	forest villas hotel	Prescott	USA	forestvillas.com	19287171200
1d828a39-62c7-455d-bbb5-0e89d53d8538	bootstrap-20260815T011144Z-041.jsonl	estaci n de esqu formigal	Sallent de Gállego	Spain	formigal.com	34974498888
b71fff9c-93b4-447f-a3e2-b538ad0db064	bootstrap-20260815T011144Z-041.jsonl	bellavista holiday home	Spoltore	Italy	forms.gle	393351892044
2a5dd8eb-284b-4d7a-ac0d-48507d8f95d5	bootstrap-20260815T011144Z-041.jsonl	austin property management	Eau Claire	USA	forrentineauclaire.com	17158314433
240be918-0f52-4f79-83f6-44b720a0cc2d	bootstrap-20260815T011144Z-041.jsonl	aussie vacation rentals	Traverse City	USA	forrenttraversecity.com	14157603483
b0ecdce2-af39-43f4-8a95-91db9758f215	bootstrap-20260815T011144Z-041.jsonl	fortis property management	Atlanta	USA	fortispm.com	16787412835
28d1ab6b-94a6-453f-a7eb-f5423859792e	bootstrap-20260815T011144Z-041.jsonl	fortress property management investments	Prescott	USA	fortressaz.com	19287785181
28b6b201-712f-41bb-8e83-d12e7fc90a4e	bootstrap-20260815T011144Z-041.jsonl	fortress property management	Clearfield	USA	fortresspropertymanagement.com	18018206854
9fa56c0a-a46d-4c03-952b-dc2b0d2b39e7	bootstrap-20260815T011144Z-041.jsonl	fuchsia cottage self catering holiday home	Fortrose	United Kingdom	fortrose.info	447702036429
9f6160b2-8349-4e88-b000-4475f42fac50	bootstrap-20260815T011144Z-041.jsonl	chanonry view self catering holiday home fortrose	Fortrose	United Kingdom	fortroseholidaylet.co.uk	
bd848fc6-a5e4-4fa1-83c7-02abe8f2255e	bootstrap-20260815T011144Z-041.jsonl	fourleaf property management inc	Knoxville	USA	fourleafpm.com	18654983232
abc15231-3ca4-4307-8cf6-f71e0dfc31c1	bootstrap-20260815T011144Z-041.jsonl	four seasons property management	Charlotte	USA	fourseasonscharlotte.com	17043351431
0db3191d-df8c-4d32-a5cc-137ddfa364a7	bootstrap-20260815T011144Z-041.jsonl	fowler property management	Boulder	USA	fowlerrentals.com	13034436064
3238e3d4-2af6-4a47-918a-4617609f1c5f	bootstrap-20260815T011144Z-041.jsonl	foxboro property management services	Altoona	USA	foxboroproperties.com	17158356001
a9117add-f96a-4087-9be5-220f2bbe167a	bootstrap-20260815T011144Z-041.jsonl	fox lake villas	Fox Lake	USA	foxlakevillas.com	19203061168
d521f9e4-5f3a-422b-85bf-b1efccbc8177	bootstrap-20260815T011144Z-041.jsonl	fox property management	Fresno	USA	foxpm.net	5592244008
cb8c04f7-0a13-4c23-9609-a26364137346	bootstrap-20260815T011144Z-041.jsonl	fox property management	Louisville	USA	foxpropertymgmt.com	17205834369
6eaa30db-2b1e-4fd6-8b50-76602e3b4338	bootstrap-20260815T011144Z-041.jsonl	foyle property management ltd	Glasgow	United Kingdom	foylepm.com	447384679364
4bd10049-07a7-486f-b8c0-e6781110a699	bootstrap-20260815T011144Z-041.jsonl	future property management	Folsom	USA	fpm4u.com	19164071002
a613028f-365e-43b4-8e0a-ce42a31a888a	bootstrap-20260815T011144Z-041.jsonl	frontier property management llc	Cheyenne	USA	fpmwyo.com	13073172889
d30a5e84-8e34-4092-87d0-eb09e27f7aad	bootstrap-20260815T011144Z-041.jsonl	frankfort michigan vacation rentals	Frankfort	USA	frankfortmivacationrentals.com	15745963507
94e5907e-ec24-4b14-afc3-342488c9e781	bootstrap-20260815T011144Z-041.jsonl	freedom property management	Grand Junction	USA	freedomprop.com	19702456411
df1e4ee7-b7ec-44b5-8cfb-089f818452fe	bootstrap-20260815T011144Z-041.jsonl	friddle property management	Simpsonville	USA	friddlepropertymanagement.com	18643206599
0f050250-4077-4cbd-8e98-d360427a2a16	bootstrap-20260815T011144Z-041.jsonl	fried fish vacation rentals	North Myrtle Beach	USA	friedfishvacationrentals.com	18432564324
eddd8038-d304-43a1-8c90-4f3b7c93078b	bootstrap-20260815T011144Z-041.jsonl	frisco villas	Inverness	United Kingdom	friscovillas.com	441463231800
5f381dc7-2bdf-4619-9592-cb70f889cb76	bootstrap-20260815T011144Z-041.jsonl	frog holler cabins and wine tours	Elkin	USA	froghollercabins.com	13365262661
9fea54d2-83f1-43a0-9928-e44818dfd053	bootstrap-20260815T011144Z-041.jsonl	frontier property management	Westby	USA	frontierhomesales.com	16086346448
40af9c84-f38a-4d3b-94c9-74d2b466e41f	bootstrap-20260815T011144Z-041.jsonl	front porch property management	Milton	USA	frontporchpm.com	17707895006
8f5bacb1-b9af-4b6c-b0f4-c0d4d1923895	bootstrap-20260815T011144Z-041.jsonl	front street village	Beaufort	USA	frontstreetvillage.com	2528381524
fca05955-6d74-4a89-aae2-8296b5efb51c	bootstrap-20260815T011144Z-041.jsonl	fowler and spenceley property management	Rochford	United Kingdom	fspm.co.uk	441702808287
c3e167d1-f0e9-4535-a8b5-4b20a99b01fd	bootstrap-20260815T011144Z-041.jsonl	frank salt property management ireland	Ennis	Ireland	fspropertymanagement.ie	353861283160
a5c51cc4-66bf-4e80-a8ae-48826b8dc341	bootstrap-20260815T011144Z-041.jsonl	ftb realty property management	Myrtle Beach	USA	ftbmyrtlebeach.com	12035837786
c4dec8df-5db7-4ff9-93f3-524dcf05ce39	bootstrap-20260815T011144Z-041.jsonl	ftelia luxury studios skiathos	Σκιάθος	Greece	ftelialuxurystudios.com	306946906071
88509f8b-46d3-4424-82f6-d96d9fc6837c	bootstrap-20260815T011144Z-041.jsonl	full circle property management	Goldsboro	USA	full-circle-properties.com	19843702733
c34b9771-ec8a-4129-8e94-48f984ea3d76	bootstrap-20260815T011144Z-041.jsonl	full circle realty and property management	Chicago	USA	fullcirclerealtychicago.com	17736021115
c670d505-3ee0-4aa4-aba9-1abe59f96340	bootstrap-20260815T011144Z-041.jsonl	full house property management	Porterville	USA	fullhousemgt.com	15597846456
7c307dca-4384-4842-a800-b62676118ce5	bootstrap-20260815T011144Z-041.jsonl	fundana villas	Κέρκυρα	Greece	fundanavillas.com	302663022532
38313981-1fad-46f7-8572-07b17ae0bb90	bootstrap-20260815T011144Z-041.jsonl	vicki gutierrez at fusion property management and real estate llc	Grand Junction	USA	fusionbegins.com	19703613406
0d74b129-7428-40d6-9ae9-9c0a061d15ee	bootstrap-20260815T011144Z-041.jsonl	fyve property management cleveland ohio	Beechwood	USA	fyve.com	8445483983
da54914c-a226-4b5a-8aaf-386487de900e	bootstrap-20260815T011144Z-041.jsonl	giuliani property management	Fairfax	USA	g-prop.com	14159441313
17a08a5e-d8f0-4e9f-b3ab-fb849dd4d399	bootstrap-20260815T011144Z-041.jsonl	green acres property management llc	Clinton Twp	USA	ga-pm.com	15868998886
036972b2-77cc-4543-8b77-781cfafc9ccd	bootstrap-20260815T011144Z-041.jsonl	hotel residence il gabbiano	Cirò Marina	Italy	gabbiano-hotel.it	39096231338
952b84d4-1a54-452c-b9be-754a51543ec7	bootstrap-20260815T011144Z-041.jsonl	villa gagnoni	Lucignano	Italy	gagnoni.it	32496554401
6a961d25-bc97-4fd2-97e4-61805a244bd5	bootstrap-20260815T011144Z-041.jsonl	galeria luxury ski apartments and restaurants	Pale	Italy	galeria.ba	38765775566
c2970342-79bb-47c8-b5a9-8441169c5d00	bootstrap-20260815T011144Z-041.jsonl	galeria holiday home	Makarska	Italy	galeria.hr	385981681473
aec0b326-b134-41d1-a858-028f82634041	bootstrap-20260815T011144Z-041.jsonl	gal a luxury resort	Pizzo	Italy	galiaresort.com	390963545876
3b6b811c-1b49-45e7-872f-d6106d5af7e6	bootstrap-20260815T011144Z-041.jsonl	gallagher property management	Dublin	United Kingdom	gallagherpm.ie	35318245724
30da5f43-e3f0-4c84-ab80-3df6dc177c36	bootstrap-20260815T011144Z-042.jsonl	garavilla eski datca	Datça	Greece	garavilladatca.com	905395118031
9f9c5795-fc6a-426c-a231-4c98f4ee529a	bootstrap-20260815T011144Z-042.jsonl	garbis villas and apartments	Λειβαθώ	Greece	garbisvillas.com	302671023164
4552ba09-0993-4be4-a3d8-0a121a8f724a	bootstrap-20260815T011144Z-042.jsonl	cladach holiday home	Newton Stewart	United Kingdom	garliestonholidayhome.co.uk	447421728092
33f6b050-8981-49b0-a29a-4235729b031f	bootstrap-20260815T011144Z-042.jsonl	garno property management	Lansing	USA	garnorealestate.com	15176511374
e03c195e-a3f8-47e8-a8a6-c6661bc72e7d	bootstrap-20260815T011144Z-042.jsonl	gartclach farm luxury holiday homes	England Wales Scotland Core	United Kingdom	gartclachfarm.co.uk	447775755286
451617ba-c83d-4e2a-a72c-813e0c767d16	bootstrap-20260815T011144Z-042.jsonl	s j gartside property management services	Poulton le Fylde	United Kingdom	gartside.co.uk	441253886336
00d47055-eace-4777-9f5a-ac3dc4dce4d3	bootstrap-20260815T011144Z-042.jsonl	gate city property management	High Point	USA	gatecitylistings.com	13368034800
22a92284-5015-4713-995a-dd93ac05f8f2	bootstrap-20260815T011144Z-042.jsonl	gatekeeper property management	Peachtree City	USA	gatekeeperproperties.com	7706314334
790ddee1-fc6d-48b8-a8ff-dc57fcc9ae9b	bootstrap-20260815T011144Z-042.jsonl	gatlinburg cabin rentals	Gatlinburg	USA	gatlinburgcabin.com	18657126525
8c22a51c-2308-4622-8f38-d09e4da5c6ff	bootstrap-20260815T011144Z-042.jsonl	gatlinburg cabin rentals	Pigeon Forge	USA	gatlinburgcabinrentals.com	18778898156
591d5688-0a99-4585-ab9c-1a5d450e7507	bootstrap-20260815T011144Z-042.jsonl	gatzea villas	Μηλιές	Greece	gatzeavillas.gr	302423022102
dee17cef-66f8-4905-a009-b499886f2589	bootstrap-20260815T011144Z-042.jsonl	gb holiday villas	Fethiye	Greece	gbholidayvillas.com	905379163322
4a3f03ab-f926-4df0-ab59-41139915eec1	bootstrap-20260815T011144Z-042.jsonl	gb property management and lettings	Tavistock	United Kingdom	gbpropertylettings.co.uk	441822615951
67db269e-c005-4ee5-a50e-a6e85e385975	bootstrap-20260815T011144Z-042.jsonl	gea villas lefkada	Αποκεντρωμένη Διοίκηση Πελοποννήσου, Δυτικής Ελλάδας και Ιονίου	Greece	geavillas-lefkada.gr	302645072341
7b3ab4bf-118b-4de2-84ec-aea3bbf3287f	bootstrap-20260815T011144Z-042.jsonl	gem luxury villas	Αποκεντρωμένη Διοίκηση Πελοποννήσου, Δυτικής Ελλάδας και Ιονίου	Greece	gemvillaskefalonia.gr	306944091111
69046ce9-8952-449f-849c-ba0cfd0c5236	bootstrap-20260815T011144Z-042.jsonl	aegean horizon beachfront villas	Νότια Ρόδος	Greece	gennadiaegeanvillas.com	
b88fbb5e-efa9-43a4-8f06-d722f911b648	bootstrap-20260815T011144Z-042.jsonl	gennadi dreams luxury holiday homes	Νότια Ρόδος	Greece	gennadidreams.gr	306944298913
fe9d2c73-60cf-454e-a327-8cc7a8378859	bootstrap-20260815T011144Z-042.jsonl	enchanted mountain retreats vacation rentals property management	Blairsville	USA	georgiaemr.com	17067813892
d1093270-00fb-4d4b-bd14-527c2c2a3ee5	bootstrap-20260815T011144Z-042.jsonl	geovillage resort hotel	Olbia	Italy	geovillage.it	39789554000
befc7b08-3692-47a2-9e35-85eaa2390b52	bootstrap-20260815T011144Z-042.jsonl	gerakas luxury villas	Ζάκυνθος	Greece	gerakasluxuryvillas.gr	306974063943
752ae063-84e8-41e4-8e8d-6304a53ee3ea	bootstrap-20260815T011144Z-042.jsonl	gerani villas	Νικηφόρος Φωκάς	Greece	gerani-villas.com	306942433180
ed36cbe4-bb59-4489-b662-863cd9ed2118	bootstrap-20260815T011144Z-042.jsonl	gestema luxury residences	Κάλυμνος	Greece	gestema.gr	
97b091b5-7543-42b1-a475-75ef94cb23eb	bootstrap-20260815T011144Z-042.jsonl	get multifamily property management	Gilbert	USA	getmultifamilypm.com	14807957938
a620183b-82e6-4c71-a9c2-d451460b151e	bootstrap-20260815T011144Z-042.jsonl	giafra sicilian luxury rooms boutique hotel	Agrigento	Italy	giafrarooms.com	390922061000
b514ee4a-3417-4936-b6d4-21a98903757d	bootstrap-20260815T011144Z-042.jsonl	giannis village resort	Αστακός	Greece	giannisvillageresort.gr	306974810800
53575f14-d928-427a-a20c-df7b19924a62	bootstrap-20260815T011144Z-042.jsonl	giants ridge golf ski resort	Biwabik	USA	giantsridge.com	18006887669
042f1660-0387-431e-bb35-738a834e9606	bootstrap-20260815T011144Z-042.jsonl	villaggio giardini d oriente	Nova Siri	Italy	giardinidoriente.com	390835877684
736e7c36-711e-44f0-9360-668f70acd759	bootstrap-20260815T011144Z-042.jsonl	gilly s place your luxury holiday villa in kefalonia	Λειβαθώ	Greece	gillysplaceinkefalonia.co.uk	447990976302
32a66f42-4056-451b-976b-9a9cf34ea56b	bootstrap-20260815T011144Z-042.jsonl	gina hall real estate property management	Colorado Springs	USA	ginahallhomes.com	17196410235
a58b821b-0b23-4b08-9e96-1ce9d0176451	bootstrap-20260815T011144Z-042.jsonl	chalet azimut g te tape et s jour l azimut station ski les angles	Les Angles	Spain	gite-azimut.com	33468309303
ab5dcd85-bd64-4bfe-86e1-3bd2ad0b9c89	bootstrap-20260815T011144Z-042.jsonl	gk holiday home	Αρκάδιοι	Greece	gk-holidayhome.gr	306986537126
8812597f-5d7c-4856-9beb-30f63238009b	bootstrap-20260815T011144Z-042.jsonl	glastonbury holiday homes	Glastonbury	United Kingdom	glastonburyholidayhomes.com	441458835144
8971bbc0-ab7a-4f1d-9d62-655292d59a26	bootstrap-20260815T011144Z-042.jsonl	gleneagles holiday home rentals	Auchterarder	United Kingdom	gleneaglesholidayhomerentals.co.uk	447769907298
c31c2502-5c14-4cf3-89fe-614747c483c8	bootstrap-20260815T011144Z-042.jsonl	glenwood vacation rentals	Carbondale	USA	glenwoodvacationrentals.com	19702351120
f25c53f6-9da8-4930-829d-ed90d1e43e6f	bootstrap-20260815T011144Z-042.jsonl	glines property management	Bountiful	USA	glinesproperties.com	18017267020
cfb95490-a716-435f-b278-2c53331dfb59	bootstrap-20260815T011144Z-042.jsonl	gl r na habhann holiday homes	Dingle	Ireland	glornahabhann.ie	353871464636
e3ca81f0-300e-436d-9730-65e306524cae	bootstrap-20260815T011144Z-042.jsonl	gloucester ski snowboard centre	Gloucester	United Kingdom	gloucesterski.com	441452501438
5970f081-4f45-41ac-a7ce-9f9c3a561f3b	bootstrap-20260815T011144Z-042.jsonl	g j property management	Terracina	Italy	gnj-realestate.it	393514879690
a5a912ed-511f-45cf-9d2c-7d99d0f86c7b	bootstrap-20260815T011144Z-042.jsonl	go2 property management services	London	United Kingdom	go2propertymanagement.co.uk	442039835660
670c1855-cdea-4f03-8c2d-1cb53e4103fe	bootstrap-20260815T011144Z-042.jsonl	goat property management	Sandy	USA	goatpropertymanagement.com	18013960850
b3a15575-a1ea-45f3-98ca-f800da221136	bootstrap-20260815T011144Z-042.jsonl	beech mountain chalet rentals	Beech Mountain	USA	gobeech.com	14233351154
dfa7b9c8-400b-4d44-b063-7a8a49aa2106	bootstrap-20260815T011144Z-042.jsonl	portville holiday villas vacation rentals	Fethiye	Greece	gocekrentals.com	905323613805
6cdfd0ee-6a25-4b66-998e-b4d8af09c303	bootstrap-20260815T011144Z-042.jsonl	property management solutions	Rhinelander	USA	godaddysites.com	17153602642
9bf7fe35-7a36-4ce4-a6b2-b05a0e53b38d	bootstrap-20260815T011144Z-042.jsonl	five star property management san mateo ca	San Francisco	USA	gofivestarpm.com	6504355906
08e02b3a-7504-44e2-a2ee-e145f583de4a	bootstrap-20260815T011144Z-042.jsonl	mt zion ski hill	Ironwood	USA	gogebic.edu	19069323718
9ae04340-c459-4d52-aba5-8e94288ee8ff	bootstrap-20260815T011144Z-042.jsonl	going coastal property management	Carolina Beach	USA	goingcoastalpm.com	19106320001
f516e209-ff3a-4f84-a9e2-c1ed48777525	bootstrap-20260815T011144Z-042.jsonl	golden moments luxury stone villas	Θήρα	Greece	golden-moments.gr	306974089874
10d35261-8602-4e2b-a645-548e63cf0bda	bootstrap-20260815T011144Z-042.jsonl	golden villas	Λευκτρο	Greece	golden-villas.gr	306986211400
903043d1-df4f-4899-b75a-81d0fe449c97	bootstrap-20260815T011144Z-042.jsonl	golden july luxury villa	Ζάκυνθος	Greece	goldenjulyvilla.gr	306944345600
6db79367-5063-43e4-b082-347f20992b20	bootstrap-20260815T011144Z-042.jsonl	golden rays luxury resort	Primošten	Italy	goldenrays.hr	385992062404
f016810b-1b50-4279-853f-204628f7acc9	bootstrap-20260815T011144Z-043.jsonl	golden sands oceanfront hotel	Carolina Beach	USA	goldensandsnc.com	19104588334
e09ef3f2-33fc-4ddd-bf61-87d6f640f87c	bootstrap-20260815T011144Z-043.jsonl	golden state property management	San Jose	USA	goldenstatepropertymanagement.com	14084772635
0b9721d4-cf37-4537-b824-6fc364d1e7eb	bootstrap-20260815T011144Z-043.jsonl	gold ivy realty property management	Aiken	USA	goldivyrealty.com	18036490100
df237868-d09e-4ee8-a67d-0d021729c76a	bootstrap-20260815T011144Z-043.jsonl	goldmar property management	Windsor	USA	goldmar.ca	15192525010
b18870e5-6b68-49c4-bbdf-dcd883e3a342	bootstrap-20260815T011144Z-043.jsonl	gold peak property management	Steamboat Springs	USA	goldpeakpm.com	19703677964
a4614124-8423-499a-9d7d-11f82335fbfd	bootstrap-20260815T011144Z-043.jsonl	executive property management	Goldsboro	USA	goldsbororentalhomes.com	19197787555
854b12fb-f725-4c91-a8ff-e29c588e74fe	bootstrap-20260815T011144Z-043.jsonl	gold standard vacation rental	Lake Junaluska	USA	goldstandardrental.com	18285504401
5c470747-5a4d-4bdb-8cda-1e6a52450643	bootstrap-20260815T011144Z-043.jsonl	golf links holiday homes	Portrush	United Kingdom	golflinksholidayhomes.co.uk	442870824644
b1aa3e2d-f50c-4dac-9184-72ecd8d1096b	bootstrap-20260815T011144Z-043.jsonl	golfview vacation rentals	Pigeon Forge	USA	golfviewvacationrentals.com	18004294361
62f940b6-821a-4c4e-b155-2730919144a6	bootstrap-20260815T011144Z-043.jsonl	gollance property management	London	United Kingdom	gollancepropertymanagement.com	447846339295
5e776b9c-98ff-4ffb-984b-19cabc058fb0	bootstrap-20260815T011144Z-043.jsonl	gondola square	Steamboat Springs	USA	gondolasquare.com	9708793700
6332b332-e9fe-4302-bad4-3b3c464ac622	bootstrap-20260815T011144Z-043.jsonl	holiday home the spot	Gradac	Italy	goo.gl	385916195336
9f7f6de4-3dd2-4e0f-b14a-45e9ca4ea62f	bootstrap-20260815T011144Z-043.jsonl	goodearl property	Glasgow	United Kingdom	goodearlproperty.co.uk	441412486768
97dd7fd0-99de-4602-b913-1f10a48b28d1	bootstrap-20260815T011144Z-043.jsonl	goode vacation rentals	Hilton Head Island	USA	goodevacationrentals.com	18436819325
d434f2fd-71e9-4894-8f42-1180c71c93fe	bootstrap-20260815T011144Z-043.jsonl	goodman gals property management	Marysville	USA	goodmangals.com	15303296648
5f67ed72-cd69-4ffa-95e4-3307d66ba792	bootstrap-20260815T011144Z-043.jsonl	santorini apartments villas	Θήρα	Greece	goosantorini.com	306947885800
606946ab-9ff6-4d06-8720-5ccf9f3d23dc	bootstrap-20260815T011144Z-043.jsonl	myrtle beach walk condos at ocean forest villas	Myrtle Beach	USA	goparadisemb.com	18434387484
747ecd07-bfb5-4f75-a9bc-daead4959f0a	bootstrap-20260815T011144Z-043.jsonl	gorgona villas	Σιθωνία	Greece	gorgona-halkidiki.com	306978378073
3a46dc8e-7a38-43e6-83d1-c1946bc808cc	bootstrap-20260815T011144Z-043.jsonl	gorman property management	Pacific Grove	USA	gormanre.com	18316493455
0d60cb0c-8b31-49f3-9a88-80de766732b3	bootstrap-20260815T011144Z-043.jsonl	govino bay corfu villas apartments	Κέρκυρα	Greece	govinobay.gr	302661090600
27156528-58f1-45fb-9820-a4acb872901a	bootstrap-20260815T011144Z-043.jsonl	go win property management	Mesa	USA	gowinpm.com	14804002920
d8f73001-d5e3-449d-b886-5a46be9c1b3a	bootstrap-20260815T011144Z-043.jsonl	go your own wave vacation home	Corolla	USA	goyourownwave.com	12522269550
7e3bbc34-e83b-48a6-a650-298b97987394	bootstrap-20260815T011144Z-043.jsonl	bayside property management	San Francisco	USA	gpmsf.com	14155548812
92234f16-dc9c-4973-a91f-4737ac032075	bootstrap-20260815T011144Z-043.jsonl	mutual property management	Sarnia	USA	graceventures.ca	15199333987
e5fb8d68-30d2-4f17-997d-758a113e6e2f	bootstrap-20260815T011144Z-043.jsonl	graeagle vacation rentals	Blairsden Graeagle	USA	graeaglevacationrentals.com	15308362500
23efd235-be71-4034-a8da-528ef8f11057	bootstrap-20260815T011144Z-043.jsonl	granada vacation rentals	Santa Fe	USA	granadavacationrentals.com	5059860006
69a3b3a0-d79f-4f63-9bd9-e3201e20e6a7	bootstrap-20260815T011144Z-043.jsonl	granari blue salt	Ορμυλία	Greece	granari.com	306955588903
7061ac12-0591-46f4-a399-3b6f39ec135b	bootstrap-20260815T011144Z-043.jsonl	granby ranch	Granby	USA	granbyranch.com	18888504615
f20f2152-c2ac-4ae4-8d8e-2fd3ce74fac6	bootstrap-20260815T011144Z-043.jsonl	grande madonna luxury boutique suites	Ρέθυμνο	Greece	grandemadonnasuites.gr	306980368819
2f8a8d20-f605-4027-85c6-45c578146bd2	bootstrap-20260815T011144Z-043.jsonl	grand junction property management real estate	Grand Junction	USA	grandjunctionrentals.com	9702414130
7667e280-25fb-4e1b-a696-8242875dfa58	bootstrap-20260815T011144Z-043.jsonl	grand rapids vacation homes	Alto	USA	grandrapidsvacationhomes.com	16162022206
ee400e88-487d-4acd-9b15-6065b8b5271b	bootstrap-20260815T011144Z-043.jsonl	grand villa rentals	Walnut Creek	USA	grandvillarentals.com	19252864208
e1596b34-b9e0-4a67-a40b-3e0e4d8fcbaf	bootstrap-20260815T011144Z-043.jsonl	grangeview holiday homes	Dunfermline	United Kingdom	grangeviewholidayhomes.co.uk	447887565020
0f57fb5c-d6ce-453b-b90c-69d8adb68e3b	bootstrap-20260815T011144Z-043.jsonl	hedgehogs holiday home looe	Looe	United Kingdom	granitehenge.com	441503264869
27fdda73-7037-449e-8358-19609fccc476	bootstrap-20260815T011144Z-043.jsonl	granite lettings property management	Manchester	United Kingdom	granitelettings.com	441612366088
76040a0b-b220-45c2-85f3-f7e649e30468	bootstrap-20260815T011144Z-043.jsonl	grant murray property management	Fayetteville	USA	grantmurrayre.com	19108682020
8e290cf6-168f-4164-94c7-b593f5bcb1ed	bootstrap-20260815T011144Z-043.jsonl	grantzaos villas	Λαγανάς	Greece	grantzaos-villas.com	306944624175
e71ebe85-695e-403c-81bd-90f8f73c7fe5	bootstrap-20260815T011144Z-043.jsonl	adanac ski hill	Greater Sudbury	USA	greatersudbury.ca	17056883968
7e8e8f66-7772-4456-b46d-34b5b9455c9e	bootstrap-20260815T011144Z-043.jsonl	great lakes property management co	Clinton Township	USA	greatlakespropertymanagement.com	5865573977
9a91023b-2f44-4b50-9057-98a7c5f0d0d3	bootstrap-20260815T011144Z-043.jsonl	great lakes realty and property management	Shelby Twp	USA	greatlakesrealtypros.com	15868844461
9feb00d6-1228-4586-b14d-00f95e40a3f2	bootstrap-20260815T011144Z-043.jsonl	the boat house	Knox	USA	greatlakestays.com	
57c504ab-e845-4acb-8722-81abc5cfec1e	bootstrap-20260815T011144Z-043.jsonl	great mountain cabin rentals	Brasstown	USA	greatmountaincabinrentals.com	18288353275
a7b5fa6a-4336-44b2-9d88-534ce30a486f	bootstrap-20260815T011144Z-043.jsonl	great outdoor cabin rentals	Pigeon Forge	USA	greatoutdoorrentals.com	18007206978
059ca896-0d13-458f-8ec5-b7f5fc76d4a3	bootstrap-20260815T011144Z-043.jsonl	caramel grecotel boutique resort	Αρκάδι	Greece	grecotel.com	302831071803
1d0f5a96-ffa1-4444-a274-019e90947ab7	bootstrap-20260815T011144Z-043.jsonl	greenhaven property management llc	Kings Mountain	USA	greenhavenpropertymanagement.com	17049744731
be9881a7-da12-42bd-adef-12d2715c1997	bootstrap-20260815T011144Z-043.jsonl	green ivy realty property management	Chicago	USA	greenivypropmgt.com	17739132525
d44f9359-7ac3-4533-8375-b7d2203938b8	bootstrap-20260815T011144Z-043.jsonl	green light property management	Albuquerque	USA	greenlightpropertymanagementnm.com	15059771977
570c97ea-6fa1-480d-a0db-948137365c8f	bootstrap-20260815T011144Z-043.jsonl	green stone villas apartments	Περιφέρεια Ιονίων Νήσων	Greece	greenstonevillas.com	306988395213
46d16a89-0312-4617-a642-1314232d4802	bootstrap-20260815T011144Z-043.jsonl	greentree property management	San Francisco	USA	greentreepmco.com	14153478600
4e094c10-ea3a-43d9-a8b8-fe72ace0f8f2	bootstrap-20260815T011144Z-043.jsonl	green village assisi	Assisi	Italy	greenvillageassisi.it	393913271130
fb0f9f4b-6e61-4cfd-b9d6-32ad61c8efa2	bootstrap-20260815T011144Z-044.jsonl	grenier property management	Chatham	USA	grenierpropertymanagement.com	5193510123
92b3686b-0f09-411d-b741-47800c1452b4	bootstrap-20260815T011144Z-044.jsonl	greycroft holiday rental	Alnwick	United Kingdom	greycroftnorthumberland.co.uk	447786060212
89d0538e-aa4b-46ee-93bd-a5b938b68926	bootstrap-20260815T011144Z-044.jsonl	greystone retreat vacation rental	Georgian Bluffs	USA	greystonerental.com	
91e0dda4-471a-499a-903a-a5b694e760b0	bootstrap-20260815T011144Z-044.jsonl	grindstone property management	Tucson	USA	grindstonemgmt.com	15208380562
cb6141a9-fbeb-467b-b4a7-a87fa61049b6	bootstrap-20260815T011144Z-044.jsonl	grispos villas schinoussa	Σχοινούσσα	Greece	grisposvillas.com	302285071930
1b89f525-3835-4207-bc11-1ed924f196e5	bootstrap-20260815T011144Z-044.jsonl	grosse pointe apartments and property management	Grosse Pointe	USA	grossepointeapartments.com	3135050456
07b5526a-2fe0-4364-b528-4e0ddcbee3d7	bootstrap-20260815T011144Z-044.jsonl	inch schoolhouse vacation home rental	Downpatrick	United Kingdom	groupaccommodation.com	447377811393
d63aae26-88e6-4356-92ee-bdf8bd82201c	bootstrap-20260815T011144Z-044.jsonl	group fox property management	Chicago	USA	groupfox.com	17732675600
145ee69c-8816-43e6-9476-1e389b34b5ee	bootstrap-20260815T011144Z-044.jsonl	g spang real estate and property management	Chicago	USA	gspang.com	17738560300
39f32f58-be22-407c-bfbd-50d178b031f0	bootstrap-20260815T011144Z-044.jsonl	glc property management	Roseville	USA	guardianlimitedgroup.com	18002970288
2147949b-d082-4929-829b-bf1d02a92ef4	bootstrap-20260815T011144Z-044.jsonl	guardian property management	Wilmot	USA	guardianpm.ca	15196345335
2fc6fb99-9b37-47da-8ada-73da1c376295	bootstrap-20260815T011144Z-044.jsonl	guardian property management	El Paso	USA	guardianpropertymanagement.net	9157830111
5c176cf5-6812-4ee8-9447-997d5dcbdd32	bootstrap-20260815T011144Z-044.jsonl	guardian rental management	Thunder Bay	USA	guardianrm.ca	18076997781
d2d8ae4c-bb23-44aa-b619-311dd8b64aa5	bootstrap-20260815T011144Z-044.jsonl	guestfirst vacation rentals	Ρέθυμνο	Greece	guestfirst.gr	306936787100
335869a0-f7b2-4bff-b943-977009fa6100	bootstrap-20260815T011144Z-044.jsonl	anderson s alpine retreat cabin pinecrest pinecrest lake dodge ridge ski resort	Long Barn	USA	guestybookings.com	12097567120
441f5c26-fb96-453a-ac4b-3c544b5ffe51	bootstrap-20260815T011144Z-044.jsonl	akyaka gulemce apart villas	Ula	Greece	gulemceapart.com	905324713296
95e18efb-b856-46ae-8395-b6f1b01497af	bootstrap-20260815T011144Z-044.jsonl	gumonca luxury villas	Supetar	Italy	gumonca.hr	385913330383
cecc206e-ef0b-496e-92ee-985ce0db4a82	bootstrap-20260815T011144Z-044.jsonl	gwendon holiday home anglesey	Amlwch	United Kingdom	gwendon.co.uk	447976402843
9e931394-0bae-4123-849f-de704cb72c02	bootstrap-20260815T011144Z-044.jsonl	home 2 home properties	Windsor	USA	h2hpm.com	15198905245
fe981daf-439f-457d-bf36-544fa06b3eca	bootstrap-20260815T011144Z-044.jsonl	haggerston holiday homes ltd	Berwick upon Tweed	United Kingdom	haggerstonholidayhomes.co.uk	447712430649
1a354102-4629-4e3f-98b2-610fe243d265	bootstrap-20260815T011144Z-044.jsonl	halcyon villas	Περιφέρεια Νοτίου Αιγαίου	Greece	halcyon-villas.com	306976644377
85281959-de4b-4fe4-9bf0-85245603a4e1	bootstrap-20260815T011144Z-044.jsonl	halcyon panorama villas	Άγιος Νικόλαος	Greece	halcyonpanorama.gr	306986819964
49cd4203-ea72-4d2c-8cd7-2410e6f31f38	bootstrap-20260815T011144Z-044.jsonl	halifax snowsports	Halifax	United Kingdom	halifaxsnowsports.co.uk	441422340760
521ab28a-8119-4ed9-af02-e1ba40083e26	bootstrap-20260815T011144Z-044.jsonl	halkidikivillas luxury rentals	Θεσσαλονίκη	Greece	halkidikivillas.com	302310525638
38ab92ff-79fa-4b17-90ba-f56a8bfd8af8	bootstrap-20260815T011144Z-044.jsonl	hallmark investments and management	Reno	USA	hallmarkreno.com	17757868488
fd3870aa-b679-4b73-8b34-131e5a02d7d8	bootstrap-20260815T011144Z-044.jsonl	h m property management	Tucson	USA	handmpm.com	15203085622
e4008fe2-e2b3-4988-acd5-35c115c9ed3e	bootstrap-20260815T011144Z-044.jsonl	handyman elite property management	Cornelia	USA	handymaneliteusa.com	16783430130
667cc1cc-72b0-423f-8379-b777431533db	bootstrap-20260815T011144Z-044.jsonl	hanioti village resort	Παλλήνη	Greece	haniotivillage.com	302374052103
d1423512-fa65-4df1-b620-7154f575b8a9	bootstrap-20260815T011144Z-044.jsonl	hanson hills recreation area	Grayling	USA	hansonhills.org	19893489266
30b73b6b-d21f-44c6-ac29-fa974e3a50e2	bootstrap-20260815T011144Z-044.jsonl	hapey cabin rentals	Sevierville	USA	hapeycabinrentals.com	18046541926
e80974f3-3dcb-4fbb-a6a6-f5834f57eea1	bootstrap-20260815T011144Z-044.jsonl	happy place vacation home rentals	Murrells Inlet	USA	happyplacevacationhomerentals.com	18433711506
f6d6b240-f474-4c95-962c-68d341bd6824	bootstrap-20260815T011144Z-044.jsonl	happy village	Camerota	Italy	happyvillage.it	390974932326
44044a15-b8bb-42ab-af9c-61b38b835843	bootstrap-20260815T011144Z-044.jsonl	harborside property management	Harbor Springs	USA	harborsidepm.com	12318815282
f2aa5e02-41ca-485e-997a-c414223b262c	bootstrap-20260815T011144Z-044.jsonl	harbour s edge holiday home	Anstruther	United Kingdom	harboursedge-anstruther.com	
1c3a0943-baf2-4d9a-8a40-bf9012110439	bootstrap-20260815T011144Z-044.jsonl	hardin realty property management	Sacramento	USA	hardinpm.com	19163029904
263d43a2-e293-4024-a266-12455983a8ef	bootstrap-20260815T011144Z-044.jsonl	harman property management group	Orem	USA	harmanapartments.com	18013709792
9d414192-422a-42d1-8a2c-adbdd8c0ad6f	bootstrap-20260815T011144Z-044.jsonl	harpers ferry vacation rental	Harpers Ferry	USA	harpersferrycondos.com	13192335307
8100c8fd-8896-4aed-a23c-83c913412f3f	bootstrap-20260815T011144Z-044.jsonl	harris holiday homes leverburgh isle of harris	Glen Kyles	United Kingdom	harrisholidayhomes.co.uk	447956132843
96393e8a-ba2e-44e4-9692-b7ee1f1df991	bootstrap-20260815T011144Z-044.jsonl	harrogate serviced apartments	Harrogate	United Kingdom	harrogateservicedapartments.co.uk	447860142965
25647a6c-ab9f-440f-9d62-e49bfe15ce1a	bootstrap-20260815T011144Z-044.jsonl	hartswood lettings property management	London	United Kingdom	hartswoodproperty.co.uk	442089948400
e5d30272-209d-4c1a-922e-4d30ceae3dd0	bootstrap-20260815T011144Z-044.jsonl	hartz property management	Walnut Creek	USA	hartzpropertymanagement.com	19253841677
3225113c-ae7e-4e43-80bc-364e067516e8	bootstrap-20260815T011144Z-044.jsonl	has property management	Hastings	United Kingdom	haspropertymanagement.co.uk	441424436779
9697ad57-5c8c-4958-b8aa-cfc5675ee442	bootstrap-20260815T011144Z-044.jsonl	hauser property management	Danville	USA	hauserpropertymanagement.com	14347914656
8b41ba9a-60d8-4eea-a5a3-5a7500b1003f	bootstrap-20260815T011144Z-044.jsonl	haute shelter property management	Carmel Valley	USA	hauteshelter.com	18319152863
8732a0ba-2194-4383-b380-cfee874d014d	bootstrap-20260815T011144Z-044.jsonl	holiday homes for sale in north wales	Porthmadog	United Kingdom	haven.com	447834275908
7c3a0dc4-f9e2-42c9-8490-2214a59965a6	bootstrap-20260815T011144Z-044.jsonl	havens property management	Newhaven	United Kingdom	havenspropertymanagement.co.uk	441273044989
974d1ef0-5799-4354-8c29-da33c7efde6c	bootstrap-20260815T011144Z-044.jsonl	siesta haven vacation home south haven	South Haven	USA	havenvacationhomes.com	16162870196
7f1fa9e2-d448-4d43-b971-1801938b0e45	bootstrap-20260815T011144Z-044.jsonl	pioneer property management	Denver	USA	havnre.com	17208397482
e86143a1-ce48-41d1-8299-76d34c8add2c	bootstrap-20260815T011144Z-044.jsonl	haworth heights luxury holiday homes	Keighley	United Kingdom	haworthheights.co.uk	
47b152e8-2a97-4752-b7ae-861d2926db37	bootstrap-20260815T011144Z-044.jsonl	haw river vacation rentals	Haw River	USA	hawrivervacationrentals.com	13363296810
bfb8aec3-1e91-4efa-9038-032554aa4dd2	bootstrap-20260815T011144Z-045.jsonl	hazelwood holiday home	Ballymena	United Kingdom	hazelwoodholidayhome.co.uk	442821771440
0e84d43d-7d6b-49ec-8bb8-f1827d548e0c	bootstrap-20260815T011144Z-045.jsonl	hb property management	Birmingham	USA	hbpropertymanagement.org	13132880439
34458f04-b94d-47b9-8c64-49ec484ca0e2	bootstrap-20260815T011144Z-045.jsonl	high country cabin rentals	Blowing Rock	USA	hccabinrentals.com	18282957737
e53a830c-5d1b-44b6-b9be-f83176865c7f	bootstrap-20260815T011144Z-045.jsonl	healdsburg vacation homes	Healdsburg	USA	healdsburgvacationhomes.com	17074733000
fa5d807d-ed2d-40c9-8c8e-334a6653c125	bootstrap-20260815T011144Z-045.jsonl	a view to thrill	Sevierville	USA	hearthsidecabinrentals.com	18889937655
756f0877-5eb7-457b-8b29-2e330ca16ebd	bootstrap-20260815T011144Z-045.jsonl	campfire lodge	Sevierville	USA	heartlandrentals.com	18887110087
a4678366-7914-4ff4-bef3-62b62eab0875	bootstrap-20260815T011144Z-045.jsonl	heath farm holiday home	Grantham	United Kingdom	heathfarmholidayhome.com	447851240366
74ccf1b1-967b-4dee-bfad-fb9d09fbd404	bootstrap-20260815T011144Z-045.jsonl	hedgerow property management	Napa	USA	hedgerowproperty.com	17072541837
796e0f67-c12d-4b23-9553-9853a0c1f4ce	bootstrap-20260815T011144Z-045.jsonl	helene eco luxury villa	Tsagkarada	Greece	heleneecoluxuryvilla.com	306948267557
8dcbe8b9-7b17-408f-a235-84c9c40bfca5	bootstrap-20260815T011144Z-045.jsonl	heliades villas	Gávrio	Greece	heliadesvillas.com	306932338068
cdfa7ea5-d9cd-45c2-ab96-c40450a09500	bootstrap-20260815T011144Z-045.jsonl	helidonia villas crete	Réthimnon	Greece	helidoniavillas-crete.gr	306976869648
fe832713-0f1e-4993-b355-a54f5c161699	bootstrap-20260815T011144Z-045.jsonl	helios blue villas	Κασσάνδρα	Greece	heliosbluevillas.com	
2064a911-d4f7-42f9-a754-86657458e9de	bootstrap-20260815T011144Z-045.jsonl	helios luxury villas	Λειβαθώ	Greece	heliosluxuryvillas.gr	306944922418
ad188245-1625-4020-a32d-cdf3922f27a2	bootstrap-20260815T011144Z-045.jsonl	helios villas villa hemera villa nyx	Ελειός Πρόννοι	Greece	heliosvillas.gr	
3f7cd58d-315d-472a-9cc8-69263389e1f8	bootstrap-20260815T011144Z-045.jsonl	helix property management	Fort Collins	USA	helixpropertymanagement.com	19706326055
7c9fb28c-f773-4db2-a847-7da0cb391bb1	bootstrap-20260815T011144Z-045.jsonl	rozites luxury beachfront villa	Réthimnon	Greece	hellocrete.villas	
9c798d21-49b8-473a-817b-8563c765dbb7	bootstrap-20260815T011144Z-045.jsonl	hemera holiday home villa on santorini	Θήρα	Greece	hemeraholidayhome.com	306973045514
bd6b0263-c946-4e5e-8bf0-aacbceb76090	bootstrap-20260815T011144Z-045.jsonl	herdsman s house self catering holiday home	Sligo	Ireland	herdsmanshouse.ie	353861722309
4437d289-ff87-4685-9bc9-8c198f7c9f4d	bootstrap-20260815T011144Z-045.jsonl	herdwicks holiday home	Millom	United Kingdom	herdwicksholidayhome.com	447803338048
7e4dad62-938e-4e45-be5e-ff91c832ce1d	bootstrap-20260815T011144Z-045.jsonl	heritage associates	Cedar Rapids	USA	heritage-associates.com	13193653610
d1d08dcf-18fc-464d-879c-5dd4b3d17d74	bootstrap-20260815T011144Z-045.jsonl	heritage property management services	Atlanta	USA	heritageproperty.com	17704518171
d3f966be-5170-453b-8853-bbb156ee8c5b	bootstrap-20260815T011144Z-045.jsonl	heritage realtors property management	Lemoore	USA	heritagerealtorsinc.com	15599241206
d2238ad9-9278-4c02-b831-052c26ac0a69	bootstrap-20260815T011144Z-045.jsonl	waterside retreat heron lakes	Beverley	United Kingdom	heron-lakes.co.uk	447578288446
66831c2c-ada0-4339-9923-19fe23f9701a	bootstrap-20260815T011144Z-045.jsonl	hestia lettings and property management	Cranleigh	United Kingdom	hestiapropertylettings.co.uk	441483276565
56f1814f-589b-4a68-947f-b8cf213b950b	bootstrap-20260815T011144Z-045.jsonl	hgc property management	Wilmington	USA	hgcpropertymanagement.com	19104085686
77720582-018f-4e5e-a259-10cc5e333945	bootstrap-20260815T011144Z-045.jsonl	hidden gem vacation rentals	Millcreek	USA	hgvacationrentals.com	19092308923
4ba42ac0-ee65-49eb-8451-19078bc15dbe	bootstrap-20260815T011144Z-045.jsonl	h hotels collection	Λίνδος	Greece	hhotels.gr	302244029230
60f3a909-0790-4319-872b-faf888ce5a87	bootstrap-20260815T011144Z-045.jsonl	hawk hometown property management and asset protection	Loveland	USA	hhpmap.com	19707769059
0b35bd5f-a8db-4782-aa07-e372a9cfa8c0	bootstrap-20260815T011144Z-045.jsonl	hidden gem vacation rental	Sevierville	USA	hiddengemrental.com	18654541559
715f0481-39fa-4c5c-8645-3f3fc88c2033	bootstrap-20260815T011144Z-045.jsonl	hidden hills istanbul airport hotel	Arnavutköy	Greece	hiddenhills.com.tr	905444999445
66eda6ac-ed79-45b0-b309-f619da8b1b01	bootstrap-20260815T011144Z-045.jsonl	high fidelity property management	Chicago	USA	hifipm.com	17736974112
9f52de3e-1412-480b-a06d-1798b92ae962	bootstrap-20260815T011144Z-045.jsonl	high beach resort	Μάλια	Greece	highbeach.gr	302897032783
71bf3dda-d263-4638-8c7d-01b8fb6631b1	bootstrap-20260815T011144Z-045.jsonl	highest point real estate and property management	Colorado Springs	USA	highestpointrealestate.com	17194664377
e4b58cf8-65a8-450f-8392-5ce29d241142	bootstrap-20260815T011144Z-045.jsonl	highgate howe holiday home park	Hawsker cum Stainsacre	United Kingdom	highgatehowe.co.uk	441947603216
328336d3-cc56-4487-8e6d-ad4cbef01a5d	bootstrap-20260815T011144Z-045.jsonl	cullen holiday home	Buckie	United Kingdom	highland.rentals	447926849587
96a747d2-b1de-4778-b8a5-b6fc46f07893	bootstrap-20260815T011144Z-045.jsonl	highland hideaways virginia cabin rentals near grayson highlands	Mouth of Wilson	USA	highlandhideaways.com	13366496179
99fcf019-cb7c-4859-bdad-875662ca77d8	bootstrap-20260815T011144Z-045.jsonl	highland holiday homes	Aviemore	United Kingdom	highlandholidayhomes.com	441479811463
32668173-40c7-44cf-901b-9c135b7c9f94	bootstrap-20260815T011144Z-045.jsonl	highland property management	Raleigh	USA	highlandpm.net	19195323984
824a0e43-3b60-4632-b4f7-32545352fbd0	bootstrap-20260815T011144Z-045.jsonl	chambers realty vacation rentals	Highlands	USA	highlandsiscalling.com	18285263717
5de3b74b-5dd1-4ff2-b845-d856a4fe21e2	bootstrap-20260815T011144Z-045.jsonl	highlands vacation rentals	Highlands	USA	highlandsmountainrentals.com	18285269999
b501f78a-e5f3-4504-8294-e91f5a7ff0f7	bootstrap-20260815T011144Z-045.jsonl	highlands nordic	Clearview	USA	highlandsnordic.ca	17054445017
0bf578f9-d4f0-4374-a8c4-7bfa649e3d0b	bootstrap-20260815T011144Z-045.jsonl	high life serviced apartments	Swindon	United Kingdom	highlifeswindon.co.uk	448001670571
e9ee9721-9c74-4cb1-ad60-678f23b6f70f	bootstrap-20260815T011144Z-045.jsonl	high tech property management	Brook Park	USA	hightechpropertymanagement.com	12165120422
04fef3b6-e34f-4caa-8e14-8ff164c96e87	bootstrap-20260815T011144Z-045.jsonl	high tide real estate property management	Capitola	USA	hightideresantacruz.com	18314645017
fc4d8e87-2596-4358-85c2-733ee0f9dfa7	bootstrap-20260815T011144Z-045.jsonl	high view house holiday rental self catering accommodation in barmouth	Barmouth	United Kingdom	highviewhousebarmouth.co.uk	447973267670
ce535d4d-bac6-4f69-99dc-cbcfd9e0d64d	bootstrap-20260815T011144Z-045.jsonl	hill cottage self catering holiday rental	Scourie	United Kingdom	hillcottagesutherland.com	447977135071
0d1e19f7-6415-4aa2-99a2-da954b78e938	bootstrap-20260815T011144Z-045.jsonl	knotty pines lake house	St Germain	USA	hillervacationhomes.com	18004455370
93b21681-7933-422b-aee5-13eadade01e3	bootstrap-20260815T011144Z-045.jsonl	hills and homes property management	Rohnert Park	USA	hillsandhomes.com	17075852913
aa39a5c3-a535-4711-8d78-6c916663cd5a	bootstrap-20260815T011144Z-045.jsonl	hillside holiday home and lodge	Newry	United Kingdom	hillsideholidayhome.com	447989836780
cf681dad-4cbb-4fd8-a738-8203754a25cc	bootstrap-20260815T011144Z-045.jsonl	breakers vacation rentals	Hilton Head Island	USA	hiltonheadbreakersvacationrentals.com	18433412764
658de90b-5e97-419e-8e32-e34a6760d51b	bootstrap-20260815T011144Z-046.jsonl	shipyard hilton head beach and golf villas	Hilton Head Island	USA	hiltonheadislandphotography.com	18436836883
96040019-a2b1-42ff-8a7b-c6a39130d5c6	bootstrap-20260815T011144Z-046.jsonl	hilton head owner vacation rentals	Hilton Head Island	USA	hiltonheadownervacationrentals.com	18437324456
6dae86bb-b854-4447-a0a3-e4583bcc39f7	bootstrap-20260815T011144Z-046.jsonl	hinch property management	Amersham	United Kingdom	hinchpm.com	442079899128
d343a5ae-ef1e-4146-a47b-4b636d35997c	bootstrap-20260815T011144Z-046.jsonl	hin property management	Fremont	USA	hinmanagement.com	14087858866
be680d4c-84c7-490d-8134-31d7f3438a6a	bootstrap-20260815T011144Z-046.jsonl	hlc property management llc	Johnson City	USA	hlcpropertymanagement.com	14238337693
0424dab6-0e93-499c-99d4-b0616f901df9	bootstrap-20260815T011144Z-046.jsonl	hlm property management	Orwell	USA	hlmpropertymanagement.com	14409909532
a9c94531-85a8-4f35-b582-5bb1c931d30b	bootstrap-20260815T011144Z-046.jsonl	hnc lettings and property management	Carnforth	United Kingdom	hnclettings.co.uk	441524903548
771d13fb-39e6-49c5-966b-0cbe3d0605b2	bootstrap-20260815T011144Z-046.jsonl	naish holiday home	New Milton	United Kingdom	hoburne.com	447748158480
6b4756ff-9d12-4460-a2f9-0d9e827d52e8	bootstrap-20260815T011144Z-046.jsonl	flamingo vacation rental	Holden Beach	USA	holdenbeachvacations.com	18008426949
960c1950-b09d-40f2-a132-b918bbd97e77	bootstrap-20260815T011144Z-046.jsonl	holiday home rupotina	Solin	Italy	holiday-house-rupotina.com	38598225065
4ce5e0ad-a11b-43b0-8e64-594fdb548432	bootstrap-20260815T011144Z-046.jsonl	waterside riverside holiday home on camel trail	Wadebridge	United Kingdom	holidaycottagewadebridge.co.uk	441726844928
da318012-edfb-4856-a9e4-1e2cec1b4d84	bootstrap-20260815T011144Z-046.jsonl	mountain home cabin rentals llc	Ruidoso	USA	holidayfuture.com	15756070509
928ffa89-8ced-4bf8-8c90-442a775986d4	bootstrap-20260815T011144Z-046.jsonl	holiday home apartments	Birmingham	United Kingdom	holidayhomeapartments.com	447488811337
5bd073b5-d520-4ea3-974a-a58af8cb6543	bootstrap-20260815T011144Z-046.jsonl	holiday home arzilli	Follonica	Italy	holidayhomearzilli.com	393356610839
d7398424-c226-4cbc-a521-116c31dbebd1	bootstrap-20260815T011144Z-046.jsonl	holiday home croce	Lucignano	Italy	holidayhomecroce.it	393923662013
ba3a09b5-7677-4768-8371-974a0b6e7348	bootstrap-20260815T011144Z-046.jsonl	holiday home glasgow	Glasgow	United Kingdom	holidayhomeglasgow.com	447456571111
d7b3269f-e7b7-45e2-9693-9f901f248288	bootstrap-20260815T011144Z-046.jsonl	holiday home on islay	Port Ellen	United Kingdom	holidayhomeonislay.scot	447917178113
d3bf1042-d8d8-463f-b307-4e5a583566e0	bootstrap-20260815T011144Z-046.jsonl	holiday homes cornwall	Hayle	United Kingdom	holidayhomescornwall.co.uk	447770624277
e111c868-fc6a-46f7-bd5b-a7cbb6a6f5e0	bootstrap-20260815T011144Z-046.jsonl	holiday homes direct	Dun Laoghaire	United Kingdom	holidayhomesdirect.ie	35314853643
b4cdf3d3-d697-4811-aeea-60a6e10ae4fb	bootstrap-20260815T011144Z-046.jsonl	holiday homes in italy	Derby	United Kingdom	holidayhomesinitaly.co.uk	441332920049
5536ad06-4fe7-4023-ba63-f0bbfaa6754b	bootstrap-20260815T011144Z-046.jsonl	holiday homes marina	Castiglione della Pescaia	Italy	holidayhomesmarina.com	393534545795
a69e69c3-7963-4647-a6d7-4c06e4107bb6	bootstrap-20260815T011144Z-046.jsonl	holiday homes ramsgate	Ramsgate	United Kingdom	holidayhomesramsgate.co.uk	447718206855
94c78b65-85a7-4a61-86c0-b060ea11a1a9	bootstrap-20260815T011144Z-046.jsonl	holiday homes rome monte verde 61	Roma	Italy	holidayhomesrome.com	393485938227
bf90938b-ef6b-45c5-af1b-fa556852f65f	bootstrap-20260815T011144Z-046.jsonl	holiday homes vk la casa dei desideri il nido d amore	San Vito Chietino	Italy	holidayhomesvk.com	393755671624
d052394a-c5ca-4d2a-960e-5750886379bd	bootstrap-20260815T011144Z-046.jsonl	holiday home terra di mare	Agrigento	Italy	holidayhometerradimare.it	3391603640
833f6d38-fb3a-492c-a422-62ad4a6a4215	bootstrap-20260815T011144Z-046.jsonl	villas louloudaki	Rethymno	Greece	holidaysinrethymno.gr	306948366506
c2742b74-5bea-4698-b5d1-52ca83eae85b	bootstrap-20260815T011144Z-046.jsonl	holiday vacation rentals	Harbor Springs	USA	holidayvacationrental.com	2312420730
4237be8f-871f-4bf0-8904-a3519d54efdc	bootstrap-20260815T011144Z-046.jsonl	holiday village	Fondi	Italy	holidayvillage.it	390771555009
21a60d8c-4968-409f-a0da-cc9a23275f73	bootstrap-20260815T011144Z-046.jsonl	holly s siding holiday home	Brixham	United Kingdom	hollys-siding.com	447810415740
1fb7ffa0-061d-4098-97b3-63f4017a2f00	bootstrap-20260815T011144Z-046.jsonl	homa villas	Περιφέρεια Νοτίου Αιγαίου	Greece	homaserifos.com	306932222132
d9c21c46-1ad3-4f98-a42d-89d8bacd005d	bootstrap-20260815T011144Z-046.jsonl	bruce evans property management	Visalia	USA	home4rent.org	15597320313
093bffea-d1a8-47cf-a7be-bc8e0d26cafb	bootstrap-20260815T011144Z-046.jsonl	home base property management	Rock Island	USA	homebasepm.com	18337862700
d39fcfb7-d702-4228-be03-f900f3a3bf58	bootstrap-20260815T011144Z-046.jsonl	home from home property management services	Rochester	United Kingdom	homefromhomeproperty.co.uk	441474822185
b7079d04-0ff2-42b6-b3d6-284a66cd9a87	bootstrap-20260815T011144Z-046.jsonl	holiday home villa maria	Giarre	Italy	homeholidayvillamaria.com	393924758452
a48d61f8-3649-45b7-84f9-4514e89872ed	bootstrap-20260815T011144Z-046.jsonl	homehop property management	Strongsville	USA	homehop.com	12167775648
fcd424c6-6e8f-416d-b77a-0cb90a486094	bootstrap-20260815T011144Z-046.jsonl	home key property management	St George	USA	homekeyrent.com	14352724699
fd356ccc-d600-4004-bbd8-7bd988f45381	bootstrap-20260815T011144Z-046.jsonl	homelink property management	Templeton	United Kingdom	homelinkproperty.co.uk	441834861160
52cd091e-f03b-47c6-8482-a4ed83c15d33	bootstrap-20260815T011144Z-046.jsonl	homely serviced apartments figtree	Sheffield	United Kingdom	homelyapartments.co.uk	03308083283
1000b0b1-8c45-4c9a-bc71-6f53e5007bba	bootstrap-20260815T011144Z-046.jsonl	coastal blessings vacation rentals	Myrtle Beach	USA	homeownersatoceanlakes.com	
20e4ecda-227c-465a-90a3-bf81793d2bd8	bootstrap-20260815T011144Z-046.jsonl	homequest property management services	Fleetwood	United Kingdom	homequestproperty.co.uk	441253776628
f144b989-ceb2-4563-9bdc-161c9c1d1bf6	bootstrap-20260815T011144Z-046.jsonl	mil elliott seme 4 real estate property management	Mooresville	USA	homesatthelake.com	17046620095
79b54e7b-56fd-404d-a7da-50d5576a5226	bootstrap-20260815T011144Z-046.jsonl	five star property management	Modesto	USA	homesbyfivestar.com	12095449000
a50df977-857f-4e05-8eeb-42b0694d31f4	bootstrap-20260815T011144Z-046.jsonl	homes r us property management	London	United Kingdom	homesrus.co.uk	442080870644
16e286ff-a738-413d-aa32-0ffcc8a94f14	bootstrap-20260815T011144Z-046.jsonl	lori peterson home suite home property management	Lakewood	USA	homesuitehomepm.com	12166886182
4ff18253-5fb4-42ee-82d7-0895e0bdff34	bootstrap-20260815T011144Z-046.jsonl	home team metro property management	Clarkston	USA	hometeammetro.com	12485646885
95234328-523d-498b-807d-963b77d6f226	bootstrap-20260815T011144Z-046.jsonl	hometown dreams property management	Jacksonville	USA	hometownrentalsnc.com	19104550307
fb9041c8-35ea-480b-b8f1-48be7b404994	bootstrap-20260815T011144Z-046.jsonl	hometrend property management and real estate	Mesa	USA	hometrendrentals.com	14808326757
1b44ff8b-d804-4984-bd76-c1a8bebde796	bootstrap-20260815T011144Z-046.jsonl	homevault property management farmington	Farmington	USA	homevault.com	15054273434
ed34fef6-47b1-4123-be8d-d1ee5665a5b2	bootstrap-20260815T011144Z-046.jsonl	homewave property management	Sneads Ferry	USA	homewave.rentals	19103332975
ba6f2667-a4e1-4646-a2d3-a28aa2ceac99	bootstrap-20260815T011144Z-046.jsonl	homeworld property management	Crewe	United Kingdom	homeworldproperty.com	441270505080
