domain:marneimare.gr,306987083307,marneimare.gr,marnei mare private villas,Καρλόβασι,Greece,Marnei Mare Private Villas,8016
domain:marplesteam.com,19256347774,marplesteam.com,marples property management,Brentwood,USA,Marples Property Management,8017
domain:marshallproperty.com,14154551111,marshallproperty.com,marshall co property management,San Rafael,USA,Marshall & Co Property Management,8018
domain:maryjanesshoes.com,14356479800,maryjanesshoes.com,mountain knights property management,Park City,USA,Mountain Knights Property Management,8019
domain:maryloujohn-villas.com,302286071459,maryloujohn-villas.com,maryloujohn villas,Οία,Greece,Maryloujohn Villas,8020
domain:marysresidence.gr,302593062049,marysresidence.gr,mary s residence suites and luxury,Θάσος,Greece,Mary's Residence Suites and Luxury,8021
domain:masella.com,34972144000,masella.com,estacio d esqui de masella,Alp,Spain,Estació d'Esquí de Masella,8022
domain:masterkeypm.com,19196553950,masterkeypm.com,masterkey property management,Cary,USA,Masterkey Property Management,8023
domain:mastihavillas.com,306937304095,mastihavillas.com,mastiha villas,Αποκεντρωμένη Διοίκηση Αιγαίου,Greece,Mastiha Villas,8024
domain:mastresidences.com,306973235273,mastresidences.com,mast luxury residences,Δημοτική Ενότητα Γαργαλιάνων,Greece,Mast Luxury Residences,8025
domain:matala.gr,306932483939,matala.gr,dimitris resort hotel villa,Τυμπάκιο,Greece,Dimitris Resort Hotel & Villa,8026
domain:mathewsproperty.com,35318389366,mathewsproperty.com,mathews property management,Dublin,United Kingdom,Mathews Property Management,8027
domain:maviunlimited.com,3036658944,maviunlimited.com,mavi unlimited property management,Lakewood,USA,Mavi Unlimited Property Management,8028
domain:maximummgt.com,3033690800,maximummgt.com,maximum property management,Aurora,USA,Maximum Property Management,8029
domain:mayamor.gr,306972910440,mayamor.gr,mayamor villas,Αρκάδιοι,Greece,Mayamor Villas,8030
domain:mcatee.co.uk,447775840486,mcatee.co.uk,mcatee bros property management,Omagh,United Kingdom,McAtee Bros Property Management,8031
domain:mccardelmgt.com,15174871080,mccardelmgt.com,mccardel development and management,Lansing,USA,McCardel Development and Management,8032
domain:mccoolspools.com,16233239044,mccoolspools.com,mccools professional property management,Cave Creek,USA,McCools Professional Property Management,8033
domain:mcleanforth.com,441315579222,mcleanforth.com,mclean forth properties edinburgh,Edinburgh,United Kingdom,McLean Forth Properties (Edinburgh),8034
domain:mcpminc.com,14155215490,mcpminc.com,meridian commercial property management,Novato,USA,Meridian Commercial Property Management,8035
domain:mdbnb.gr,306996903988,mdbnb.gr,md bnb property management,Βόλος,Greece,MD bnb property management,8036
domain:mediterra.gr,306932905050,mediterra.gr,mediterra retreat,Δήμος Ωρωπού,Greece,Mediterra Retreat,8037
domain:mediterraneaasset.com,390832665460,mediterraneaasset.com,mediterranea asset property finding property management project management network facilitation,Melendugno,Italy,Mediterranea Asset | Property Finding | Property Management | Project Management | Network Facilitation,8038
domain:mediterraneanhotels.gr,302351061993,mediterraneanhotels.gr,hotel mediterranean resort,Παραλία,Greece,Hotel Mediterranean Resort,8039
domain:mediterraneanvillas.com,306932175928,mediterraneanvillas.com,villa olivum corfu,Μελιτειέοι,Greece,Villa Olivum Corfu,8040
domain:medusasvillas.gr,306955854819,medusasvillas.gr,medusas villas,Θινάλιο,Greece,Medusas Villas,8041
domain:meetmeinmichiganvacationrentals.com,12693526103,meetmeinmichiganvacationrentals.com,meet me in michigan vacation rentals,Great-Lakes-Vacation-Markets::g12of2x3,USA,Meet Me in Michigan Vacation Rentals,8042
domain:megalithari.com,302663051920,megalithari.com,megalithari villas,Corfu,Greece,Megalithari Villas,8043
domain:meganisisunset.gr,306987794090,meganisisunset.gr,meganisi sunset luxury villas,Περιφέρεια Ιονίων Νήσων,Greece,Meganisi Sunset Luxury Villas,8044
domain:meganisivillas.gr,306989509851,meganisivillas.gr,meganisi villas,Μεγανήσι,Greece,Meganisi Villas,8045
domain:melecoinc.com,12525335902,melecoinc.com,meleco property management,Roanoke Rapids,USA,Meleco Property Management,8046
domain:meliesuites-thassos.gr,306948116644,meliesuites-thassos.gr,melies luxury suites,Θάσος,Greece,Melies luxury suites,8047
domain:melioravillas.gr,,melioravillas.gr,meliora exclusive villas parga,Πάργα,Greece,Meliora exclusive villas Parga,8048
domain:melissaki.gr,302752096414,melissaki.gr,melissaki villas,Περιφέρεια Πελοποννήσου,Greece,Melissaki Villas,8049
domain:melissi-villas.gr,306945269590,melissi-villas.gr,melissi villas,Ξυλόκαστρο,Greece,Melissi Villas,8050
domain:melograno.gr,306984729776,melograno.gr,melograno villas,Αστυπάλαια,Greece,Melograno Villas,8051
domain:meltemi.gr,302374071854,meltemi.gr,koumaros villas,Παλλήνη,Greece,Koumaros Villas,8052
domain:memoriasvillasandsuites.com,,memoriasvillasandsuites.com,memorias villas suites,Ζάκυνθος,Greece,Memorias Villas & Suites,8053
domain:menalia.gr,302796029029,menalia.gr,menalia villas and suites,Περιφέρεια Πελοποννήσου,Greece,Menalia Villas and Suites,8054
domain:mendocoastpm.com,17079647777,mendocoastpm.com,mendocino coast property management,Fort Bragg,USA,Mendocino Coast Property Management,8055
domain:merelia.gr,306977430196,merelia.gr,merelia luxury villas,Περιφέρεια Κεντρικής Μακεδονίας,Greece,Merelia Luxury Villas,8056
domain:messinianmonteemare.gr,302721601081,messinianmonteemare.gr,messinian monte e mare villas rental,Καλαμάτα,Greece,Messinian Monte è Mare Villas Rental,8057
domain:metochivillas.gr,306932847067,metochivillas.gr,metochi villas,Δήμος Πλατανιά,Greece,Metochi Villas,8058
domain:metro-property.com,19192313338,metro-property.com,metro property management,Raleigh,USA,Metro Property Management,8059
domain:metro-propertymanagement.com,14083172780,metro-propertymanagement.com,metro property management,San Jose,USA,Metro Property Management,8060
domain:mgmpmi.com,12193815312,mgmpmi.com,mgm property management,Merrillville,USA,MGM Property Management,8061
domain:mgvillasluxury.gr,302109830153,mgvillasluxury.gr,mg luxury villas,Άλιμος,Greece,MG Luxury Villas,8062
domain:midgaforrent.com,14789192016,midgaforrent.com,fhg property management fhg realty group,Warner Robins,USA,FHG Property Management - FHG Realty Group,8063
domain:midkeltonholidays.com,447725566379,midkeltonholidays.com,midkelton holiday rental,Castle Douglas,United Kingdom,Midkelton Holiday Rental,8064
domain:mihproperty.co.uk,442036377968,mihproperty.co.uk,mih property management,London,United Kingdom,MIH Property Management,8065
domain:milestonevillas.com,302286023356,milestonevillas.com,milestone villas,Θήρα,Greece,Milestone Villas,8066
domain:milosvillas.gr,302286025511,milosvillas.gr,milos villas hotel,Θήρα,Greece,Milos Villas Hotel,8067
domain:milosvillaspefkos.com,306958104760,milosvillaspefkos.com,milos villas pefkos rhodes,Λίνδος,Greece,Milos Villas Pefkos Rhodes,8068
domain:minoasvillas.com,302812220065,minoasvillas.com,minoas luxury villas,Γεωργιούπολη,Greece,Minoas Luxury Villas,8069
domain:minocquawinterpark.org,17153563309,minocquawinterpark.org,minocqua winter park,Minocqua,USA,Minocqua Winter Park,8070
domain:minosimperial.com,302841065000,minosimperial.com,minos imperial luxury beach resort spa,Κοινότητα Μιλάτου,Greece,Minos Imperial Luxury Beach Resort & Spa,8071
domain:mirabo.gr,302286022387,mirabo.gr,mirabo luxury villas santorini,Θήρα,Greece,Mirabo Luxury Villas - Santorini,8072
domain:miraviewvillas.com,306976433949,miraviewvillas.com,miraview villas residences,Περιφερειακή Ενότητα Λασιθίου,Greece,MiraView - Villas & Residences,8073
domain:missionrentalsnc.com,19108494589,missionrentalsnc.com,mission rentals property management,Fayetteville,USA,Mission Rentals Property Management,8074
domain:mitosvillas.com,306975500864,mitosvillas.com,mitos villas chania,Chaniá,Greece,Mitos Villas Chania,8075
domain:mitsis.com,302897027600,mitsis.com,canvas by mitsis cretan village,Χερσόνησος,Greece,Canvas by Mitsis Cretan Village,8076
domain:mivara.com,02523113434,mivara.com,mivara luxury resort spa,Bodrum,Greece,Mivara Luxury Resort & SPA,8077
domain:mixpropertymanagement.com,13197779259,mixpropertymanagement.com,mix property management,Cedar Rapids,USA,Mix Property Management,8078
domain:mlpm831.com,18312168225,mlpm831.com,marini locatelli property management,Santa Cruz,USA,Marini & Locatelli Property Management,8079
domain:mlpmrentals.com,12095328147,mlpmrentals.com,mother lode property management,Sonora,USA,Mother Lode Property Management,8080
domain:mmproperties.com,19169236181,mmproperties.com,john schenkenberger m m property management,Sacramento,USA,John Schenkenberger - M&M Property Management,8081
domain:mmpropmgt.com,17083867355,mmpropmgt.com,m m property management,Oak Park,USA,M & M Property Management,8082
domain:moayyerrealestate.com,16162870901,moayyerrealestate.com,moayyer property management,Grand Rapids,USA,Moayyer Property Management,8083
domain:mockpm.com,3034942955,mockpm.com,mock property management,Boulder,USA,Mock Property Management,8084
domain:moliseski.it,,moliseski.it,moliseski,San Massimo,Italy,MoliseSki,8085
domain:monaigrane.com,38763436898,monaigrane.com,holiday home mona igrane,Podgora,Italy,Holiday Home Mona Igrane,8086
domain:monambelesvillas.gr,306944295576,monambelesvillas.gr,monambeles villas svoronata,Λειβαθώ,Greece,Monambeles Villas Svoronata,8087
domain:monasteryestate.com,302823051344,monasteryestate.com,monastery estate retreat,Ανατολικός Σέλινος,Greece,Monastery Estate Retreat,8088
domain:montaverde.com,902526168006,montaverde.com,monta verde hotel,Fethiye,Greece,Monta Verde Hotel,8089
domain:montebello-hotels.com,902526144646,montebello-hotels.com,montebello villas,Fethiye,Greece,Montebello Villas,8090
domain:montebiancovillas.gr,302267031704,montebiancovillas.gr,montebiancovillas,Περιφερειακή Ενότητα Βοιωτίας,Greece,Montebiancovillas,8091
domain:montefarella.com,393295645877,montefarella.com,luxury trullo spa monte farella,Putignano,Italy,Luxury Trullo & Spa Monte Farella,8092
domain:moonvalleylauria.com,393333916896,moonvalleylauria.com,moon valley holiday home,Lauria,Italy,Moon Valley Holiday Home,8093
domain:mooresholidayhomes.com,353866077034,mooresholidayhomes.com,moores holiday homes dunfanaghy,Letterkenny,Ireland,Moores Holiday Homes Dunfanaghy,8094
domain:moorsproperties.co.uk,441202825572,moorsproperties.co.uk,moors property management,Wimborne,United Kingdom,Moors Property Management,8095
domain:mopperpm.com,19122980225,mopperpm.com,mopper property management,Savannah,USA,Mopper Property Management,8096
domain:morleyfredericks.com,14158471224,morleyfredericks.com,morley fredericks property management and real estate services,San Rafael,USA,Morley Fredericks Property Management and Real Estate Services,8097
domain:morris-leisure.co.uk,441286870700,morris-leisure.co.uk,morris leisure touring caravan and holiday home parks,Caernarfon,United Kingdom,Morris Leisure Touring Caravan And Holiday Home Parks,8098
domain:moschatoestatevillas.com,306932363433,moschatoestatevillas.com,moschato estate villas,Λειβαθώ,Greece,Moschato Estate Villas,8099
domain:mountainhavenco.com,13033455813,mountainhavenco.com,mountain haven property management,Evergreen,USA,Mountain Haven Property Management,8100
domain:mountainstatespm.com,14352139000,mountainstatespm.com,mountain states property management,Logan,USA,Mountain States Property Management,8101
domain:mountaintimecabinrentals.com,18657774339,mountaintimecabinrentals.com,mountain time cabin rentals,Sevierville,USA,Mountain Time Cabin Rentals,8102
domain:mountjamieson.ca,17052689057,mountjamieson.ca,mount jamieson resort,Timmins,USA,Mount Jamieson Resort,8103
domain:mouzakisvillas.gr,306946462189,mouzakisvillas.gr,mouzakis villas,Περιφέρεια Βόρειου Αιγαίου,Greece,Mouzakis Villas,8104
domain:movezen360.com,19192498555,movezen360.com,movezen property management raleigh metro wake county johnston county,Raleigh,USA,"MoveZen Property Management Raleigh Metro, Wake County, Johnston County",8105
domain:movingmountains.vacations,18652918477,movingmountains.vacations,moving mountains property management design,Sevierville,USA,Moving Mountains Property Management & Design,8106
domain:mpcpm.com,12626614284,mpcpm.com,mpc property management,Burlington,USA,MPC Property Management,8107
domain:mpiwi.com,14149332700,mpiwi.com,mpi property management,Milwaukee,USA,MPI Property Management,8108
domain:mrandmrsgreyvillas.com,306973850624,mrandmrsgreyvillas.com,mr mrs grey luxury private villas,Περιφέρεια Ιονίων Νήσων,Greece,Mr & Mrs Grey luxury private villas,8109
domain:mrandmrswhitetinos.com,302283029057,mrandmrswhitetinos.com,mr and mrs white tinos boutique resort,Περιφέρεια Νοτίου Αιγαίου,Greece,Mr and Mrs White Tinos Boutique Resort,8110
domain:msbmanagement.com,15106493380,msbmanagement.com,msb property management,Walnut Creek,USA,MSB Property Management,8111
domain:mspmllc.com,16239804200,mspmllc.com,main street property management,Buckeye,USA,Main Street Property Management,8112
domain:mtlacrosse.com,16087880044,mtlacrosse.com,mt la crosse ski snowboard,Shelby,USA,Mt. La Crosse Ski & Snowboard,8113
domain:mtmpremier.com,12192462642,mtmpremier.com,mtm premier property management services,La Porte,USA,MTM Premier Property Management Services,8114
domain:mtpropertymanagement.co,12092101704,mtpropertymanagement.co,mt property management,Lodi,USA,MT Property Management,8115
domain:mtvillas.com,12186245784,mtvillas.com,mountain villas,Duluth,USA,Mountain Villas,8116
domain:mulgravehousewhitby.co.uk,447578902477,mulgravehousewhitby.co.uk,mulgrave house holiday home whitby,Whitby,United Kingdom,"Mulgrave House, Holiday Home, Whitby",8117
domain:mumblesholidayhomes.co.uk,447776464869,mumblesholidayhomes.co.uk,mumbles holiday homes,Swansea,United Kingdom,Mumbles holiday homes,8118
domain:muscalasvillaspaxos.com,306971894822,muscalasvillaspaxos.com,muscalas villas paxos seaside luxury villas,Παξοί,Greece,Muscalas Villas - Paxos Seaside Luxury Villas,8119
domain:muses-finikounda.gr,306944507384,muses-finikounda.gr,muses villas finikounda,Foinikoús,Greece,Muses Villas Finikounda,8120
domain:musesofart-villas.gr,306939608700,musesofart-villas.gr,muses of art villas,Αποκεντρωμένη Διοίκηση Αιγαίου,Greece,Muses of Art Villas,8121
domain:mvalleypm.com,15302721631,mvalleypm.com,mountain valley property management,Grass Valley,USA,Mountain Valley Property Management,8122
domain:mvprents.com,12092223272,mvprents.com,mvp property management,Oakdale,USA,MVP Property Management,8123
domain:mycasa.com,17202366665,mycasa.com,mycasa real estate and property management,Castle Rock,USA,Mycasa Real Estate and Property Management,8124
domain:mycharlottehome.com,7045931102,mycharlottehome.com,charlotte property management and rental services llc,Charlotte,USA,"Charlotte Property Management and Rental Services, LLC",8125
domain:myconciergepm.com,8478759946,myconciergepm.com,concierge property management,Carol Stream,USA,Concierge Property Management,8126
domain:myconiancollection.gr,302289076000,myconiancollection.gr,myconian collection hotels resorts,Μύκονος,Greece,Myconian Collection Hotels & Resorts,8127
domain:myfavoritehomeawayfromhome.com,17085333370,myfavoritehomeawayfromhome.com,eagle bluff estate vacation rental,Mauston,USA,Eagle Bluff Estate Vacation Rental,8128
domain:mykonianvilla.com,306977220631,mykonianvilla.com,mykonos dream villas,Μύκονος,Greece,Mykonos Dream Villas,8129
domain:mykonoschorapartments.gr,302289027778,mykonoschorapartments.gr,mykonos chora residences,Μύκονος,Greece,Mykonos Chora Residences,8130
domain:mykonosgreeceholidays.com,,mykonosgreeceholidays.com,villas kappas rent a luxury villa in mykonos greece,Μύκονος,Greece,Villas Kappas | Rent a Luxury Villa in Mykonos Greece,8131
domain:mykonosnumberfive.com,302289024986,mykonosnumberfive.com,mykonos no5 suites villas,Περιφέρεια Νοτίου Αιγαίου,Greece,Mykonos No5 Suites & Villas,8132
domain:myluxurycorfuvillas.com,,myluxurycorfuvillas.com,my luxury corfu villas,Μελιτειέοι,Greece,My Luxury Corfu Villas,8133
domain:myrthea-villas.gr,306974395507,myrthea-villas.gr,myrthea luxury villas,Περιφερειακή Ενότητα Καρπάθου-Ηρωικής Νήσου Κάσου,Greece,Myrthea Luxury Villas,8134
domain:myrtlebeachvacationrentals.com,,myrtlebeachvacationrentals.com,myrtle beach sc,Myrtle Beach,USA,Myrtle Beach SC,8135
domain:myrtlepalmsvacationrentals.com,18432730394,myrtlepalmsvacationrentals.com,myrtle palms vacation rentals,North Myrtle Beach,USA,Myrtle Palms Vacation Rentals,8136
domain:mysuccessstartshere.com,18034003300,mysuccessstartshere.com,success realty and property management,Columbia,USA,Success Realty and Property Management,8137
domain:mytpineacres.com,14143132385,mytpineacres.com,my t pine acres cabin rentals,Hazelhurst,USA,MY T Pine Acres Cabin Rentals,8138
domain:naaspm.ie,35345894891,naaspm.ie,naas property management,Naas,United Kingdom,Naas Property Management,8139
domain:naftilos-group.com,302273062649,naftilos-group.com,naftilos residences,Πυθαγόρειο,Greece,Naftilos Residences,8140
domain:namavillasmykonos.com,306944524582,namavillasmykonos.com,nama villas,Μύκονος,Greece,Nama Villas,8141
domain:naoussa-hills.gr,306974366758,naoussa-hills.gr,naoussa hills boutique resort,Περιφέρεια Νοτίου Αιγαίου,Greece,Naoussa Hills Boutique Resort,8142
domain:naoussabayvillas.gr,306977941555,naoussabayvillas.gr,naoussa bay villas paros greece,Πάρος,Greece,Naoussa Bay Villas /Paros-Greece,8143
domain:native.gr,306932608655,native.gr,native eco villas,Θήρα,Greece,Native Eco Villas,8144
domain:naturaestatecorfuvillas.com,306936018800,naturaestatecorfuvillas.com,natura estate corfu villas,Περιφερειακή Ενότητα Κέρκυρας,Greece,Natura Estate Corfu Villas,8145
domain:naturalstonevillas.gr,306980966914,naturalstonevillas.gr,natural stone villas,Μύκονος,Greece,Natural Stone Villas,8146
domain:naturaparkvillage.gr,302242045800,naturaparkvillage.gr,natura park village hotel spa,Κως,Greece,Natura Park Village Hotel & Spa,8147
domain:naturevillas.gr,302645024966,naturevillas.gr,nature villas,Λευκάδα,Greece,Nature Villas,8148
domain:nautilusvillas.gr,306932475548,nautilusvillas.gr,nautilus villas,Ζαγορά,Greece,Nautilus Villas,8149
domain:naxianalbum.com,306937823371,naxianalbum.com,naxian album villas,Glinádhos,Greece,Naxian album Villas,8150
domain:naxianqueen.com,302107213253,naxianqueen.com,naxian queen luxury villas and suites,Νάξος,Greece,Naxian Queen Luxury Villas and Suites,8151
domain:naxos-finest.com,306936746020,naxos-finest.com,naxos finest hotel villas,Νάξος,Greece,Naxos Finest Hotel & Villas,8152
domain:naxosaiglivillas.com,306986658855,naxosaiglivillas.com,aigli naxos villas,Náxos,Greece,Aigli Naxos villas,8153
domain:naxoseden.com,,naxoseden.com,eden beachfront residences suites,Νάξος,Greece,Eden Beachfront Residences & Suites,8154
domain:naxosluxuryvillas.gr,306977204762,naxosluxuryvillas.gr,naxos luxury villas,Νάξος,Greece,Naxos Luxury Villas,8155
domain:naxosprivilege.com,306973055907,naxosprivilege.com,naxos privilege villas,Νάξος,Greece,Naxos Privilege Villas,8156
domain:naxosvacationrentals.com,306949453468,naxosvacationrentals.com,naxos vacation rentals,Νάξος,Greece,Naxos Vacation Rentals,8157
domain:nbspropertymanagement.com,18653472729,nbspropertymanagement.com,nbs property management,Knoxville,USA,NBS Property Management,8158
domain:ncdevgroup.com,15177966148,ncdevgroup.com,nc development group,Jackson,USA,Nc Development Group,8159
domain:ncsunshinerealty.com,13362262345,ncsunshinerealty.com,sunshine realty property management llc,Burlington,USA,Sunshine Realty Property Management LLC,8160
domain:nemavillas.com,306978123832,nemavillas.com,nema villas,Λευκάδα,Greece,Nema Villas,8161
domain:nemesisvillas.gr,306972860566,nemesisvillas.gr,nemesis villas,Lefkáda,Greece,Nemesis Villas,8162
domain:neodalyan.com,905415597595,neodalyan.com,neo dalyan residences,Ortaca,Greece,Neo Dalyan Residences,8163
domain:neptune.gr,302242058900,neptune.gr,neptune luxury resort,Ηρακλείδες,Greece,Neptune Luxury Resort,8164
domain:nerida.gr,306977243757,nerida.gr,nerida beachfront villas,Νότια Ρόδος,Greece,Nerida Beachfront Villas,8165
domain:nest.ie,353419800880,nest.ie,nest estate agents and property management,Drogheda,United Kingdom,Nest Estate Agents and Property Management,8166
domain:nestfinderspmnc.com,19103330083,nestfinderspmnc.com,nest finders property management,Jacksonville,USA,Nest Finders Property Management,8167
domain:nestkey.uk,441302315031,nestkey.uk,nestkey property management doncaster,Doncaster,United Kingdom,Nestkey - Property Management Doncaster,8168
domain:nestpm.com,13193387068,nestpm.com,nest property management,Coralville,USA,Nest Property Management,8169
domain:nevadas-best.com,17754326090,nevadas-best.com,nevada s best real estate and property management,Reno,USA,Nevada's Best Real Estate and Property Management,8170
