8016,A,88,Καρλόβασι,Greece,Marnei Mare Private Villas,,hotel,Καρλόβασι,306987083307,1,,,High,,,,overture:0d22fac4-ba1b-4979-8de8-4316a90d0137,2026-08-15,New,,http://marneimare.gr/,info@marneimare.gr,,https://www.instagram.com/marneimare_samos/,,,,,,,,High,Verified,https://explore.overturemaps.org/#id=0d22fac4-ba1b-4979-8de8-4316a90d0137,
8017,B,70,Brentwood,USA,Marples Property Management,,property_management,"8340 Brentwood Blvd, Brentwood, CA",19256347774,1,,,High,,,,overture:124beb7f-032a-4a78-bf9e-acb9ee7410f8,2026-08-15,New,Recall-first: plausible adjacent hospitality/STR buyer retained.,http://www.marplesteam.com,instantresponse2@marplesteam.com,,,,,,,,,,Medium,Recall-first,https://explore.overturemaps.org/#id=124beb7f-032a-4a78-bf9e-acb9ee7410f8,
8018,B,70,San Rafael,USA,Marshall & Co Property Management,,property_management,"2175 Francisco Blvd, San Rafael, CA",14154551111,1,,,High,,,,overture:ccfbcb81-7e4e-4ce5-967a-7a554135f16a,2026-08-15,New,Recall-first: plausible adjacent hospitality/STR buyer retained.,http://marshallproperty.com/,info@marshallproperty.com,,,,,,,,,,Medium,Recall-first,https://explore.overturemaps.org/#id=ccfbcb81-7e4e-4ce5-967a-7a554135f16a,
8019,B,70,Park City,USA,Mountain Knights Property Management,,real_estate_service,"613 Main St, Park City, UT",14356479800,1,,,High,,,,overture:d697a098-e591-48d6-bc20-bc3d0903d8a9,2026-08-15,New,Recall-first: plausible adjacent hospitality/STR buyer retained.,http://www.maryjanesshoes.com,info@maryjanesshoes.com,,https://www.instagram.com/maryjanesshoes/,,,,,,,,Medium,Recall-first,https://explore.overturemaps.org/#id=d697a098-e591-48d6-bc20-bc3d0903d8a9,
8020,A,88,Οία,Greece,Maryloujohn Villas,,hotel,"Nik. Nomikou, Οία",302286071459,1,,,High,,,,overture:f972dbe4-0cf8-497a-bb00-c0616f36a006,2026-08-15,New,,http://www.maryloujohn-villas.com/,maryloujohnvillas@gmail.com,,,,,,,,,,High,Verified,https://explore.overturemaps.org/#id=f972dbe4-0cf8-497a-bb00-c0616f36a006,
8021,A,88,Θάσος,Greece,Mary's Residence Suites and Luxury,,hotel,"Chrisi Ammoudia, Θάσος",302593062049,1,,,High,,,,overture:f8867c14-8125-493d-bb05-7368b6d43c0b,2026-08-15,New,,http://www.marysresidence.gr/,info@marysresidence.gr,,,,,,,,,,High,Verified,https://explore.overturemaps.org/#id=f8867c14-8125-493d-bb05-7368b6d43c0b,
8022,B,70,Alp,Spain,Estació d'Esquí de Masella,,ski_resort,"Av. Peu de Pistes, s/n, Alp",34972144000,1,,,High,,,,overture:a45cb30d-2418-426a-868a-4b1de86a488e,2026-08-15,New,Recall-first: plausible adjacent hospitality/STR buyer retained.,http://www.masella.com/,masella@masella.com,,https://www.instagram.com/masellapirineu/,,,,,,,,Medium,Recall-first,https://explore.overturemaps.org/#id=a45cb30d-2418-426a-868a-4b1de86a488e,
8023,B,70,Cary,USA,Masterkey Property Management,,property_management,"150 Cornerstone Dr, Cary, NC",19196553950,1,,,High,,,,overture:5b16c515-fde9-4c00-be65-c3a697413390,2026-08-15,New,Recall-first: plausible adjacent hospitality/STR buyer retained.,http://www.masterkeypm.com/,info@masterkeypm.com,,https://www.instagram.com/masterkey_property/,,,,,,,,Medium,Recall-first,https://explore.overturemaps.org/#id=5b16c515-fde9-4c00-be65-c3a697413390,
8024,A,88,Αποκεντρωμένη Διοίκηση Αιγαίου,Greece,Mastiha Villas,,hotel,"Αγίου Ιωάννου, Αποκεντρωμένη Διοίκηση Αιγαίου",306937304095,1,,,High,,,,overture:af91ddd7-5a46-4864-812d-13590f948106,2026-08-15,New,,https://www.mastihavillas.com/,info@mastihavillas.com,,,,,,,,,,High,Verified,https://explore.overturemaps.org/#id=af91ddd7-5a46-4864-812d-13590f948106,
8025,A,88,Δημοτική Ενότητα Γαργαλιάνων,Greece,Mast Luxury Residences,,hotel,"Epar.Od. Filiatron-Korifasiou, Δημοτική Ενότητα Γαργαλιάνων",306973235273,1,,,High,,,,overture:342327b2-ed63-4e27-93cc-92429e45cf7b,2026-08-15,New,,http://mastresidences.com/,info@mastresidences.com,,https://www.instagram.com/mastluxuryresid/,,,,,,,,High,Verified,https://explore.overturemaps.org/#id=342327b2-ed63-4e27-93cc-92429e45cf7b,
8026,A,88,Τυμπάκιο,Greece,Dimitris Resort Hotel & Villa,,hotel,"Matala Main Road, Τυμπάκιο",306932483939,1,,,High,,,,overture:a2ecb0ed-e691-444d-a04c-cf9945ac4580,2026-08-15,New,,https://www.matala.gr/,holiday@matala.gr,,,,,,,,,,High,Verified,https://explore.overturemaps.org/#id=a2ecb0ed-e691-444d-a04c-cf9945ac4580,
8027,B,70,Dublin,United Kingdom,Mathews Property Management,,property_management,"29 Norfolk Road, Dublin",35318389366,1,,,High,,,,overture:c63ee110-8e90-4bd9-b8aa-e5006b54599a,2026-08-15,New,Recall-first: plausible adjacent hospitality/STR buyer retained.,http://mathewsproperty.com/,annmariemathews@mathewsproperty.com,,,,,,,,,,Medium,Recall-first,https://explore.overturemaps.org/#id=c63ee110-8e90-4bd9-b8aa-e5006b54599a,
8028,B,70,Lakewood,USA,Mavi Unlimited Property Management,,real_estate_agent,"6926 W Alaska Dr, Lakewood, CO",3036658944,1,,,High,,,,overture:b9c16d95-f754-491c-952e-967885edc435,2026-08-15,New,Recall-first: plausible adjacent hospitality/STR buyer retained.,http://maviunlimited.com,mike@maviunlimited.com,,https://www.instagram.com/maviunlimited/,,,,,,,,Medium,Recall-first,https://explore.overturemaps.org/#id=b9c16d95-f754-491c-952e-967885edc435,
8029,B,70,Aurora,USA,Maximum Property Management,,property_management,"2851 S Parker Rd Ste 840, Aurora, CO",3033690800,1,,,High,,,,overture:732eee0d-96e3-482a-ba5d-e236dc79068f,2026-08-15,New,Recall-first: plausible adjacent hospitality/STR buyer retained.,http://www.maximummgt.com,tammy@maximummgt.com,,,,,,,,,,Medium,Recall-first,https://explore.overturemaps.org/#id=732eee0d-96e3-482a-ba5d-e236dc79068f,
8030,A,88,Αρκάδιοι,Greece,Mayamor Villas,,hotel,Αρκάδιοι,306972910440,1,,,High,,,,overture:7081fe31-0e8e-40f6-aa4c-b08144c15a94,2026-08-15,New,,http://www.mayamor.gr/,info@mayamor.gr,,https://www.instagram.com/mayamorvillas/,,,,,,,,High,Verified,https://explore.overturemaps.org/#id=7081fe31-0e8e-40f6-aa4c-b08144c15a94,
8031,B,70,Omagh,United Kingdom,McAtee Bros Property Management,,real_estate_agent,"163 Edergoole Road, Omagh, NIR",447775840486,1,,,High,,,,overture:159a2453-d5d5-484b-95fd-da36edfbaac7,2026-08-15,New,Recall-first: plausible adjacent hospitality/STR buyer retained.,http://www.mcatee.co.uk/,info@mcatee.co.uk,,,,,,,,,,Medium,Recall-first,https://explore.overturemaps.org/#id=159a2453-d5d5-484b-95fd-da36edfbaac7,
8032,B,70,Lansing,USA,McCardel Development and Management,,property_management,"1903 Wood St, Lansing, MI",15174871080,1,,,High,,,,overture:9abc8e22-66fa-4239-a406-fbf7c555cc56,2026-08-15,New,Recall-first: plausible adjacent hospitality/STR buyer retained.,http://www.mccardelmgt.com,david@mccardelmgt.com,,,,,,,,,,Medium,Recall-first,https://explore.overturemaps.org/#id=9abc8e22-66fa-4239-a406-fbf7c555cc56,
8033,B,70,Cave Creek,USA,McCools Professional Property Management,,property_management,"4815 E Carefree Hwy, Cave Creek, AZ",16233239044,1,,,High,,,,overture:4669ab94-5073-484a-ab3e-753fcdbcb928,2026-08-15,New,Recall-first: plausible adjacent hospitality/STR buyer retained.,http://www.mccoolspools.com/,smccoolspools@gmail.com,,https://www.instagram.com/mccoolspoolsaz/,,,,,,,,Medium,Recall-first,https://explore.overturemaps.org/#id=4669ab94-5073-484a-ab3e-753fcdbcb928,
8034,B,70,Edinburgh,United Kingdom,McLean Forth Properties (Edinburgh),,property_management,"1 St Colme Street, Edinburgh, SCT",441315579222,1,,,High,,,,overture:d8c51b9a-129b-4d7f-80a4-afb85983a3b0,2026-08-15,New,Recall-first: plausible adjacent hospitality/STR buyer retained.,http://www.mcleanforth.com/,info@mcleanforth.com,,https://www.instagram.com/mcleanforth/,,,,,,,,Medium,Recall-first,https://explore.overturemaps.org/#id=d8c51b9a-129b-4d7f-80a4-afb85983a3b0,
8035,B,70,Novato,USA,Meridian Commercial Property Management,,property_management,"371 Bel Marin Keys Blvd, Novato, CA",14155215490,1,,,High,,,,overture:54294973-ec2f-44c1-a499-a53e704328ec,2026-08-15,New,Recall-first: plausible adjacent hospitality/STR buyer retained.,http://www.mcpminc.com/,info@mcpminc.com,,,,,,,,,,Medium,Recall-first,https://explore.overturemaps.org/#id=54294973-ec2f-44c1-a499-a53e704328ec,
8036,B,70,Βόλος,Greece,MD bnb property management,,property_management,"Γκλαβάνη 127, Βόλος",306996903988,1,,,High,,,,overture:be1ecfe0-3ed5-4c88-950d-9af02374dcf8,2026-08-15,New,Recall-first: plausible adjacent hospitality/STR buyer retained.,http://www.mdbnb.gr/,info@mdbnb.gr,,,,,,,,,,Medium,Recall-first,https://explore.overturemaps.org/#id=be1ecfe0-3ed5-4c88-950d-9af02374dcf8,
8037,A,88,Δήμος Ωρωπού,Greece,Mediterra Retreat,,resort,"Agias Annas 40420 Kapandriti, Δήμος Ωρωπού",306932905050,1,,,High,,,,overture:50394d81-3e0a-4cfe-9462-80d9e42870b6,2026-08-15,New,,http://www.mediterra.gr/,info@mediterra.gr,,,,,,,,,,High,Verified,https://explore.overturemaps.org/#id=50394d81-3e0a-4cfe-9462-80d9e42870b6,
8038,B,70,Melendugno,Italy,Mediterranea Asset | Property Finding | Property Management | Project Management | Network Facilitation,,property_management,"Via Roca, 4, Melendugno, 75",390832665460,1,,,High,,,,overture:abde6f48-4a5e-4708-b335-359748bf9435,2026-08-15,New,Recall-first: plausible adjacent hospitality/STR buyer retained.,http://www.mediterraneaasset.com/,info@mediterraneaasset.com,,https://www.instagram.com/mediterraneaasset/,,,,,,,,Medium,Recall-first,https://explore.overturemaps.org/#id=abde6f48-4a5e-4708-b335-359748bf9435,
8039,A,88,Παραλία,Greece,Hotel Mediterranean Resort,,hotel,"Καλυψώ, Βασιλέως Παύλου 47, Παραλία",302351061993,1,,,High,,,,overture:3ca28839-77e5-48a8-8fc3-64517ef5733d,2026-08-15,New,,http://www.mediterraneanhotels.gr/resort,resort@mediterraneanhotels.gr,,https://www.instagram.com/hotel_mediterranean_resort/,,,,,,,,High,Verified,https://explore.overturemaps.org/#id=3ca28839-77e5-48a8-8fc3-64517ef5733d,
8040,A,88,Μελιτειέοι,Greece,Villa Olivum Corfu,,beach_resort,"Chalikounas, Μελιτειέοι",306932175928,1,,,High,,,,overture:745308e4-0b0f-4ca7-8c47-e028cc5b2bef,2026-08-15,New,,https://www.mediterraneanvillas.com/greece/ionian-islands/chalikounas/96214,villaolivum@gmail.com,,https://www.instagram.com/posarellivillas/,,,,,,,,High,Verified,https://explore.overturemaps.org/#id=745308e4-0b0f-4ca7-8c47-e028cc5b2bef,
8041,A,88,Θινάλιο,Greece,Medusas Villas,,hotel,"Acharavi, Θινάλιο",306955854819,1,,,High,,,,overture:6f87423b-5332-40b1-b30e-046d2706b813,2026-08-15,New,,https://medusasvillas.gr/,medusasvillas@gmail.com,,https://www.instagram.com/medusasvillas/,,,,,,,,High,Verified,https://explore.overturemaps.org/#id=6f87423b-5332-40b1-b30e-046d2706b813,
8042,A,91,Great-Lakes-Vacation-Markets::g12of2x3,USA,Meet Me in Michigan Vacation Rentals,,holiday_rental_home,,12693526103,1,,,High,,,,overture:8ecbc688-e130-4a1e-87a9-e69b0e51df68,2026-08-15,New,,http://www.meetmeinmichiganvacationrentals.com/,700propertiesllc@gmail.com,,https://www.instagram.com/meetmeinmivacationrentals/,,,,,,,,High,Verified,https://explore.overturemaps.org/#id=8ecbc688-e130-4a1e-87a9-e69b0e51df68,
8043,A,88,Corfu,Greece,Megalithari Villas,,hotel,"Arillas, Corfu",302663051920,1,,,High,,,,overture:0a5b6e57-53fd-4a38-8fb3-f4f81faa672a,2026-08-15,New,,http://www.megalithari.com/,info@megalithari.com,,https://www.instagram.com/megalithari_villas_corfu_/,,,,,,,,High,Verified,https://explore.overturemaps.org/#id=0a5b6e57-53fd-4a38-8fb3-f4f81faa672a,
8044,A,88,Περιφέρεια Ιονίων Νήσων,Greece,Meganisi Sunset Luxury Villas,,hotel,"Epar.Od. Spartachoriou - Vathis, Περιφέρεια Ιονίων Νήσων",306987794090,1,,,High,,,,overture:7fb0321a-2331-4fa4-8c85-24cef76f7b41,2026-08-15,New,,http://www.meganisisunset.gr/,info@meganisisunset.gr,,,,,,,,,,High,Verified,https://explore.overturemaps.org/#id=7fb0321a-2331-4fa4-8c85-24cef76f7b41,
8045,A,88,Μεγανήσι,Greece,Meganisi Villas,,hotel,"Meganisi Villas,Spartochori, Meganisi, Μεγανήσι",306989509851,1,,,High,,,,overture:d514941f-02d3-4a6c-bc1b-0d50d3c6d4af,2026-08-15,New,,https://www.meganisivillas.gr/,info@meganisivillas.gr,,https://www.instagram.com/meganisivillas/,,,,,,,,High,Verified,https://explore.overturemaps.org/#id=d514941f-02d3-4a6c-bc1b-0d50d3c6d4af,
8046,B,70,Roanoke Rapids,USA,Meleco Property Management,,property_management,"937 Carolina St, Roanoke Rapids, NC",12525335902,1,,,High,,,,overture:b47d1329-3f4e-45e1-9340-e19d178673cc,2026-08-15,New,Recall-first: plausible adjacent hospitality/STR buyer retained.,http://www.melecoinc.com,rent@melecoinc.com,,,,,,,,,,Medium,Recall-first,https://explore.overturemaps.org/#id=b47d1329-3f4e-45e1-9340-e19d178673cc,
8047,A,88,Θάσος,Greece,Melies luxury suites,,resort,"Skala Potamias, Thassos, Greece, Θάσος",306948116644,1,,,High,,,,overture:0a7012a7-f9df-4ab1-9349-d72f39d93e1c,2026-08-15,New,,http://www.meliesuites-thassos.gr/,info@meliesuites-thassos.gr,,,,,,,,,,High,Verified,https://explore.overturemaps.org/#id=0a7012a7-f9df-4ab1-9349-d72f39d93e1c,
8048,A,88,Πάργα,Greece,Meliora exclusive villas Parga,,hotel,"Parga, Πάργα",,1,,,High,,,,overture:e3c60ace-be69-47cf-aa30-2acd774dfd6a,2026-08-15,New,,http://Www.melioravillas.gr/,melioraexclusivevillas@gmail.com,,https://www.instagram.com/melioraexclusivevillas/,,,,,,,,High,Verified,https://explore.overturemaps.org/#id=e3c60ace-be69-47cf-aa30-2acd774dfd6a,
8049,A,88,Περιφέρεια Πελοποννήσου,Greece,Melissaki Villas,,hotel,"Πυργιωτικα, Περιφέρεια Πελοποννήσου",302752096414,1,,,High,,,,overture:a411f35f-3de8-4ce9-9115-497ca6fa03a5,2026-08-15,New,,http://www.melissaki.gr/,info@melissaki.gr,,https://www.instagram.com/melissaki_villas/,,,,,,,,High,Verified,https://explore.overturemaps.org/#id=a411f35f-3de8-4ce9-9115-497ca6fa03a5,
8050,A,88,Ξυλόκαστρο,Greece,Melissi Villas,,hotel,"Ρόδων 25, Ξυλόκαστρο",306945269590,1,,,High,,,,overture:ba95306e-729f-4b44-8dba-309d58fea2c7,2026-08-15,New,,http://www.melissi-villas.gr/,chmant@yahoo.com,,https://www.instagram.com/melissivillas/,,,,,,,,High,Verified,https://explore.overturemaps.org/#id=ba95306e-729f-4b44-8dba-309d58fea2c7,
8051,A,88,Αστυπάλαια,Greece,Melograno Villas,,hotel,"Astypalaia Chora, Αστυπάλαια",306984729776,1,,,High,,,,overture:1fd1fa39-e4bd-4165-92b4-dd1751ebf8f4,2026-08-15,New,,http://www.melograno.gr/,info@melograno.gr,,https://www.instagram.com/melogranoluxuryvillas/,,,,,,,,High,Verified,https://explore.overturemaps.org/#id=1fd1fa39-e4bd-4165-92b4-dd1751ebf8f4,
8052,A,88,Παλλήνη,Greece,Koumaros Villas,,hotel,"Λουτρά Αγίας Παρασκευής Κασσάνδρας, Παλλήνη",302374071854,1,,,High,,,,overture:ed36df75-b335-429f-8464-ff1f2b6c8551,2026-08-15,New,,https://www.meltemi.gr/Koumaros-Villas/,ko.melo@hotmail.com,,,,,,,,,,High,Verified,https://explore.overturemaps.org/#id=ed36df75-b335-429f-8464-ff1f2b6c8551,
8053,A,88,Ζάκυνθος,Greece,Memorias Villas & Suites,,hotel,"vasilikos, Ζάκυνθος",,1,,,High,,,,overture:ab7cb4d0-c127-4ca7-b07a-2c1aa80e356f,2026-08-15,New,,http://memoriasvillasandsuites.com/,info@memoriasvillasandsuites.com,,https://www.instagram.com/memoriasvillasandsuites/,,,,,,,,High,Verified,https://explore.overturemaps.org/#id=ab7cb4d0-c127-4ca7-b07a-2c1aa80e356f,
8054,A,88,Περιφέρεια Πελοποννήσου,Greece,Menalia Villas and Suites,,hotel,"Ε.Ο.ΤΡΙΠΟΛΗΣ ΠΥΡΓΟΥ, Περιφέρεια Πελοποννήσου",302796029029,1,,,High,,,,overture:5b2df486-ceb6-4569-aedf-920161dc6846,2026-08-15,New,,https://www.menalia.gr/,info@menalia.gr,,https://www.instagram.com/menaliavillas/,,,,,,,,High,Verified,https://explore.overturemaps.org/#id=5b2df486-ceb6-4569-aedf-920161dc6846,
8055,B,70,Fort Bragg,USA,Mendocino Coast Property Management,,property_management,"809 N Main St, Fort Bragg, CA",17079647777,1,,,High,,,,overture:3b1bd709-d8b2-4820-b847-ac91c54fa4f5,2026-08-15,New,Recall-first: plausible adjacent hospitality/STR buyer retained.,http://www.mendocoastpm.com/,rentals@mendocoastpm.com,,,,,,,,,,Medium,Recall-first,https://explore.overturemaps.org/#id=3b1bd709-d8b2-4820-b847-ac91c54fa4f5,
8056,A,91,Περιφέρεια Κεντρικής Μακεδονίας,Greece,Merelia Luxury Villas,,holiday_rental_home,"ELAIONAS New, Περιφέρεια Κεντρικής Μακεδονίας",306977430196,1,,,High,,,,overture:98b92c0e-2544-40bc-88ff-97c1afdc4702,2026-08-15,New,,http://www.merelia.gr/,info@merelia.gr,,,,,,,,,,High,Verified,https://explore.overturemaps.org/#id=98b92c0e-2544-40bc-88ff-97c1afdc4702,
8057,A,88,Καλαμάτα,Greece,Messinian Monte è Mare Villas Rental,,hotel_supply_service,"Αύρας 56, Καλαμάτα",302721601081,1,,,High,,,,overture:6d46c4f8-868e-449b-9424-b658e967b1d2,2026-08-15,New,,http://www.messinianmonteemare.gr/,info@messinianmonteemare.gr,,,,,,,,,,High,Verified,https://explore.overturemaps.org/#id=6d46c4f8-868e-449b-9424-b658e967b1d2,
8058,A,88,Δήμος Πλατανιά,Greece,Metochi Villas,,hotel,"Μετόχι, Πύργου Ψηλονέρου, Πλατανιάς, Χανιά, Κρήτη, Metochi, Platanias, Chania, Crete, Greece, Δήμος Πλατανιά",306932847067,1,,,High,,,,overture:ffec5187-b30a-492b-9cbb-1cb065ee5347,2026-08-15,New,,http://www.metochivillas.gr/,gkaralaki@gmail.com,,,,,,,,,,High,Verified,https://explore.overturemaps.org/#id=ffec5187-b30a-492b-9cbb-1cb065ee5347,
8059,B,70,Raleigh,USA,Metro Property Management,,property_management,"1100 Logger Ct, Raleigh, NC",19192313338,1,,,High,,,,overture:1b9b8859-0603-4e8c-a407-3d55e084584c,2026-08-15,New,Recall-first: plausible adjacent hospitality/STR buyer retained.,https://www.metro-property.com/,info@metro-property.com,,,,,,,,,,Medium,Recall-first,https://explore.overturemaps.org/#id=1b9b8859-0603-4e8c-a407-3d55e084584c,
8060,B,70,San Jose,USA,Metro Property Management,,property_management,"6469 Almaden Expy, San Jose, CA",14083172780,1,,,High,,,,overture:a1934394-2bf0-49c8-bc5b-7e0007c931d4,2026-08-15,New,Recall-first: plausible adjacent hospitality/STR buyer retained.,https://www.metro-propertymanagement.com/,info@metro-propertymanagement.com,,,,,,,,,,Medium,Recall-first,https://explore.overturemaps.org/#id=a1934394-2bf0-49c8-bc5b-7e0007c931d4,
8061,B,70,Merrillville,USA,MGM Property Management,,property_management,"295 E 61st Ave, Merrillville, IN",12193815312,1,,,High,,,,overture:b652e2c7-21c0-478c-a57a-1f48f68b2fb4,2026-08-15,New,Recall-first: plausible adjacent hospitality/STR buyer retained.,http://www.mgmpmi.com/,info@mgmpmi.com,,,,,,,,,,Medium,Recall-first,https://explore.overturemaps.org/#id=b652e2c7-21c0-478c-a57a-1f48f68b2fb4,
8062,A,88,Άλιμος,Greece,MG Luxury Villas,,lodging,"Εθνάρχου Μακαρίου 2, Άλιμος",302109830153,1,,,High,,,,overture:2b1f5c96-cbc5-4983-b662-113c40f7772d,2026-08-15,New,,https://mgvillasluxury.gr/,info@mgvillasluxury.gr,,,,,,,,,,High,Verified,https://explore.overturemaps.org/#id=2b1f5c96-cbc5-4983-b662-113c40f7772d,
8063,B,70,Warner Robins,USA,FHG Property Management - FHG Realty Group,,property_management,"2525 Moody Rd, Warner Robins, GA",14789192016,1,,,High,,,,overture:78f3c3d2-b91a-4bed-8d7e-943437e15c87,2026-08-15,New,Recall-first: plausible adjacent hospitality/STR buyer retained.,http://www.MidGaForRent.com/,fhgpropertymanagement@gmail.com,,,,,,,,,,Medium,Recall-first,https://explore.overturemaps.org/#id=78f3c3d2-b91a-4bed-8d7e-943437e15c87,
8064,A,91,Castle Douglas,United Kingdom,Midkelton Holiday Rental,,holiday_rental_home,"Midkelton House, Kelton, Castle Douglas, Castle Douglas",447725566379,1,,,High,,,,overture:84e2674f-0135-4ab4-8a96-2694adf00a71,2026-08-15,New,,http://www.midkeltonholidays.com/,midkeltonholidays@gmail.com,,https://www.instagram.com/midkeltonholidays/,,,,,,,,High,Verified,https://explore.overturemaps.org/#id=84e2674f-0135-4ab4-8a96-2694adf00a71,
8065,B,70,London,United Kingdom,MIH Property Management,,property_management,"9 St Thomas Street, London, ENG",442036377968,1,,,High,,,,overture:94da38b4-1aa0-49bc-b04d-8bb0d0b4d730,2026-08-15,New,Recall-first: plausible adjacent hospitality/STR buyer retained.,https://mihproperty.co.uk/,info@mihproperty.co.uk,,https://www.instagram.com/mihpropertymanagement/,,,,,,,,Medium,Recall-first,https://explore.overturemaps.org/#id=94da38b4-1aa0-49bc-b04d-8bb0d0b4d730,
8066,A,88,Θήρα,Greece,Milestone Villas,,hotel,Θήρα,302286023356,1,,,High,,,,overture:377de9e4-c686-4aef-8dfe-48cd60785285,2026-08-15,New,,http://www.milestonevillas.com/,info@milestonevillas.com,,,,,,,,,,High,Verified,https://explore.overturemaps.org/#id=377de9e4-c686-4aef-8dfe-48cd60785285,
8067,A,88,Θήρα,Greece,Milos Villas Hotel,,hotel,"Έξω Κατοικίες, Θήρα",302286025511,1,,,High,,,,overture:3f798636-4b2f-418e-acab-abcc1eacf50f,2026-08-15,New,,http://www.milosvillas.gr/,info@milosvillas.gr,,https://www.instagram.com/milosvillashotel_santorini/,,,,,,,,High,Verified,https://explore.overturemaps.org/#id=3f798636-4b2f-418e-acab-abcc1eacf50f,
8068,A,88,Λίνδος,Greece,Milos Villas Pefkos Rhodes,,hotel,"Milos villas pefkos, pefkos lindos Rhodes, Λίνδος",306958104760,1,,,High,,,,overture:d82cedb9-c3c5-4484-b7ce-289f888d6791,2026-08-15,New,,http://www.milosvillaspefkos.com/index.php,info@milosvillaspefkos.com,,,,,,,,,,High,Verified,https://explore.overturemaps.org/#id=d82cedb9-c3c5-4484-b7ce-289f888d6791,
8069,A,88,Γεωργιούπολη,Greece,Minoas Luxury Villas,,hotel,"Kournas Lake, Γεωργιούπολη",302812220065,1,,,High,,,,overture:aa8538b0-1755-4eb9-866e-121d96389777,2026-08-15,New,,http://www.minoasvillas.com/,minoasvillas@yahoo.com,,https://www.instagram.com/hotelpraxis/,,,,,,,,High,Verified,https://explore.overturemaps.org/#id=aa8538b0-1755-4eb9-866e-121d96389777,
8070,B,70,Minocqua,USA,Minocqua Winter Park,,ski_resort,"7543 Squirrel Hill Rd, Minocqua, WI",17153563309,1,,,High,,,,overture:d4c80279-aef6-4b2e-858d-4c6b58527757,2026-08-15,New,Recall-first: plausible adjacent hospitality/STR buyer retained.,http://www.minocquawinterpark.org/,info@minocquawinterpark.org,,https://www.instagram.com/mqawinterpark/,,,,,,,,Medium,Recall-first,https://explore.overturemaps.org/#id=d4c80279-aef6-4b2e-858d-4c6b58527757,
8071,A,88,Κοινότητα Μιλάτου,Greece,Minos Imperial Luxury Beach Resort & Spa,,hotel,"Μίλατος Λασιθίου 724 00, Κοινότητα Μιλάτου",302841065000,1,,,High,,,,overture:b00a0125-57aa-4c50-b587-7fe0484e9dce,2026-08-15,New,,http://www.minosimperial.com,sales@minosimperial.com,,,,,,,,,,High,Verified,https://explore.overturemaps.org/#id=b00a0125-57aa-4c50-b587-7fe0484e9dce,
8072,A,88,Θήρα,Greece,Mirabo Luxury Villas - Santorini,,hotel,"Firostefani Village, Θήρα",302286022387,1,,,High,,,,overture:c6af7264-3774-4e27-817f-90e68817df20,2026-08-15,New,,http://www.mirabo.gr/,info@mirabo.gr,,https://www.instagram.com/mirabo_villas/,,,,,,,,High,Verified,https://explore.overturemaps.org/#id=c6af7264-3774-4e27-817f-90e68817df20,
8073,A,88,Περιφερειακή Ενότητα Λασιθίου,Greece,MiraView - Villas & Residences,,lodging,Περιφερειακή Ενότητα Λασιθίου,306976433949,1,,,High,,,,overture:8a9e99c8-a5ad-478a-942a-95d8b43bb8b1,2026-08-15,New,,https://www.miraviewvillas.com/,info@miraviewvillas.com,,https://www.instagram.com/miraviewvillas/,,,,,,,,High,Verified,https://explore.overturemaps.org/#id=8a9e99c8-a5ad-478a-942a-95d8b43bb8b1,
8074,B,70,Fayetteville,USA,Mission Rentals Property Management,,real_estate_service,"201 N Reilly Rd, Fayetteville, NC",19108494589,1,,,High,,,,overture:8721544b-9e1b-47ac-a3e5-75e77c24251b,2026-08-15,New,Recall-first: plausible adjacent hospitality/STR buyer retained.,http://MissionRentalsNC.com/,faircloth769@gmail.com,,,,,,,,,,Medium,Recall-first,https://explore.overturemaps.org/#id=8721544b-9e1b-47ac-a3e5-75e77c24251b,
8075,A,88,Chaniá,Greece,Mitos Villas Chania,,resort,"Pyrgos Psilonerou, Chaniá",306975500864,1,,,High,,,,overture:11247a89-2511-40c3-9f9f-01158ffb2501,2026-08-15,New,,http://mitosvillas.com/,mitosvillas@gmail.com,,https://www.instagram.com/mitosvillas.chania/,,,,,,,,High,Verified,https://explore.overturemaps.org/#id=11247a89-2511-40c3-9f9f-01158ffb2501,
8076,A,88,Χερσόνησος,Greece,Canvas by Mitsis Cretan Village,,resort,"Anissaras, Χερσόνησος",302897027600,1,,,High,,,,overture:dbf67848-34c5-4478-bba2-12dc6c260951,2026-08-15,New,,https://www.mitsis.com/en/hotels/cretan-village,cretanvillage.res@mitsis.com,,,,,,,,,,High,Verified,https://explore.overturemaps.org/#id=dbf67848-34c5-4478-bba2-12dc6c260951,
8077,A,88,Bodrum,Greece,Mivara Luxury Resort & SPA,,hotel,"Küçükbük Mah, Bodrum, Muğla",02523113434,1,,,High,,,,overture:621a38f0-8b91-4a3b-a3f6-6f2258174b9e,2026-08-15,New,,http://www.mivara.com,reservation@mivara.com,,,,,,,,,,High,Verified,https://explore.overturemaps.org/#id=621a38f0-8b91-4a3b-a3f6-6f2258174b9e,
8078,B,70,Cedar Rapids,USA,Mix Property Management,,property_management,"333 1st St SE, Cedar Rapids, IA",13197779259,1,,,High,,,,overture:9a196ec6-185e-4d83-b7ee-7c3d3dfd24ed,2026-08-15,New,Recall-first: plausible adjacent hospitality/STR buyer retained.,https://www.mixpropertymanagement.com/,info@mixpropertymanagement.com,,https://www.instagram.com/mixpropertymanagement/,,,,,,,,Medium,Recall-first,https://explore.overturemaps.org/#id=9a196ec6-185e-4d83-b7ee-7c3d3dfd24ed,
8079,B,70,Santa Cruz,USA,Marini & Locatelli Property Management,,property_management,"1111 River St, Santa Cruz, CA",18312168225,1,,,High,,,,overture:c9550c66-5a8c-480d-960a-9aad81ff08ee,2026-08-15,New,Recall-first: plausible adjacent hospitality/STR buyer retained.,http://mlpm831.com/,mlpm831@gmail.com,,https://www.instagram.com/marini_locatelli831/,,,,,,,,Medium,Recall-first,https://explore.overturemaps.org/#id=c9550c66-5a8c-480d-960a-9aad81ff08ee,
8080,B,70,Sonora,USA,Mother Lode Property Management,,property_management,"14255 Mono Way, Sonora, CA",12095328147,1,,,High,,,,overture:a75f033c-c912-439e-ab50-d19c586e5759,2026-08-15,New,Recall-first: plausible adjacent hospitality/STR buyer retained.,http://www.mlpmrentals.com,info@mlpmrentals.com,,,,,,,,,,Medium,Recall-first,https://explore.overturemaps.org/#id=a75f033c-c912-439e-ab50-d19c586e5759,
8081,B,70,Sacramento,USA,John Schenkenberger - M&M Property Management,,property_management,"1545 River Park Dr, Sacramento, CA",19169236181,1,,,High,,,,overture:9ac18aee-229b-4a95-bc16-8ee6162f7a5a,2026-08-15,New,Recall-first: plausible adjacent hospitality/STR buyer retained.,http://mmproperties.com/,john@mmproperties.com,,https://www.instagram.com/mandmpropertyservices/,,,,,,,,Medium,Recall-first,https://explore.overturemaps.org/#id=9ac18aee-229b-4a95-bc16-8ee6162f7a5a,
8082,B,70,Oak Park,USA,M & M Property Management,,property_management,"506 Wesley Ave, Oak Park, IL",17083867355,1,,,High,,,,overture:3698edef-299d-4260-a6b8-28398f73f1d6,2026-08-15,New,Recall-first: plausible adjacent hospitality/STR buyer retained.,http://www.mmpropmgt.com/,info@mmpropmgt.com,,,,,,,,,,Medium,Recall-first,https://explore.overturemaps.org/#id=3698edef-299d-4260-a6b8-28398f73f1d6,
8083,B,70,Grand Rapids,USA,Moayyer Property Management,,property_management,"611 71st St SE, Grand Rapids, MI",16162870901,1,,,High,,,,overture:44a2894b-d013-43b2-bf31-670c5f4c48b8,2026-08-15,New,Recall-first: plausible adjacent hospitality/STR buyer retained.,https://www.moayyerrealestate.com/pages/property-management,april@moayyerrealestate.com,,https://www.instagram.com/moayyerrealestate/,,,,,,,,Medium,Recall-first,https://explore.overturemaps.org/#id=44a2894b-d013-43b2-bf31-670c5f4c48b8,
8084,B,70,Boulder,USA,Mock Property Management,,real_estate_agent,"825 S Broadway St Ste 200, Boulder, CO",3034942955,1,,,High,,,,overture:eca9e69e-bb07-4a38-ab40-793ea2b21c09,2026-08-15,New,Recall-first: plausible adjacent hospitality/STR buyer retained.,http://www.mockpm.com,mail@mockpm.com,,,,,,,,,,Medium,Recall-first,https://explore.overturemaps.org/#id=eca9e69e-bb07-4a38-ab40-793ea2b21c09,
8085,B,70,San Massimo,Italy,MoliseSki,,ski_resort,"Campitello Matese, San Massimo, 67",,1,,,High,,,,overture:acdbe1d1-fb8b-47a6-a8ed-c2dbf15087a9,2026-08-15,New,Recall-first: plausible adjacent hospitality/STR buyer retained.,http://www.moliseski.it/,info@moliseski.it,,,,,,,,,,Medium,Recall-first,https://explore.overturemaps.org/#id=acdbe1d1-fb8b-47a6-a8ed-c2dbf15087a9,
8086,A,91,Podgora,Italy,Holiday Home Mona Igrane,,holiday_rental_home,"Igrane 10, Podgora",38763436898,1,,,High,,,,overture:b5bb6a19-2934-45c2-ab5e-9b7dff14d6b0,2026-08-15,New,,http://monaigrane.com/,info@monaigrane.com,,,,,,,,,,High,Verified,https://explore.overturemaps.org/#id=b5bb6a19-2934-45c2-ab5e-9b7dff14d6b0,
8087,A,88,Λειβαθώ,Greece,Monambeles Villas Svoronata,,hotel,Λειβαθώ,306944295576,1,,,High,,,,overture:9b930b5c-1d54-434b-925a-ef8ea060ccdc,2026-08-15,New,,http://www.monambelesvillas.gr/,monabelehol@gmail.com,,https://www.instagram.com/monambelesvillas/,,,,,,,,High,Verified,https://explore.overturemaps.org/#id=9b930b5c-1d54-434b-925a-ef8ea060ccdc,
8088,A,88,Ανατολικός Σέλινος,Greece,Monastery Estate Retreat,,hotel,"Moni Selino Sougia, Ανατολικός Σέλινος",302823051344,1,,,High,,,,overture:72f2f980-1e9d-47cc-af3a-73e3941dc5ee,2026-08-15,New,,https://www.monasteryestate.com/,retreat@monasteryestate.com,,https://www.instagram.com/monasteryestate.venetianharbor/,,,,,,,,High,Verified,https://explore.overturemaps.org/#id=72f2f980-1e9d-47cc-af3a-73e3941dc5ee,
8089,A,88,Fethiye,Greece,Monta Verde Hotel,,hotel,"Atatürk Caddesi 74, Fethiye",902526168006,1,,,High,,,,overture:384a0536-aab2-4a24-9e4b-a0e1729bb163,2026-08-15,New,,http://www.montaverde.com,reservation@montaverde.com,,https://www.instagram.com/monta_verde/,,,,,,,,High,Verified,https://explore.overturemaps.org/#id=384a0536-aab2-4a24-9e4b-a0e1729bb163,
8090,A,91,Fethiye,Greece,Montebello Villas,,holiday_rental_home,"236. Sokak 4, Fethiye",902526144646,1,,,High,,,,overture:82bcfb09-b8b8-49b2-a8c1-370f90995809,2026-08-15,New,,http://www.montebello-hotels.com/,info@montebello-hotels.com,,https://www.instagram.com/montebellohotels/,,,,,,,,High,Verified,https://explore.overturemaps.org/#id=82bcfb09-b8b8-49b2-a8c1-370f90995809,
8091,A,88,Περιφερειακή Ενότητα Βοιωτίας,Greece,Montebiancovillas,,hotel,"Epar.Od. Arachovas-Eptalofou, Περιφερειακή Ενότητα Βοιωτίας",302267031704,1,,,High,,,,overture:68f842f7-cc33-43a9-97af-4db4248990c7,2026-08-15,New,,http://montebiancovillas.gr/,montebiancovillas@gmail.com,,https://www.instagram.com/montebiancovillas/,,,,,,,,High,Verified,https://explore.overturemaps.org/#id=68f842f7-cc33-43a9-97af-4db4248990c7,
8092,A,88,Putignano,Italy,Luxury Trullo & Spa Monte Farella,,resort,"S. C. Giampietro, 38-46, Putignano, 75",393295645877,1,,,High,,,,overture:6c4f0bf6-d1fa-4fde-a4c4-a1e0271b086e,2026-08-15,New,,https://montefarella.com/,bookings.montefarella@gmail.com,,https://www.instagram.com/montefarella/,,,,,,,,High,Verified,https://explore.overturemaps.org/#id=6c4f0bf6-d1fa-4fde-a4c4-a1e0271b086e,
8093,A,91,Lauria,Italy,Moon Valley Holiday Home,,holiday_rental_home,"Contrada Galdo, 26, Lauria, 77",393333916896,1,,,High,,,,overture:c667f6a1-55f4-472c-a1c7-c75371c50f52,2026-08-15,New,,http://www.moonvalleylauria.com/,moonvalleylauria@gmail.com,,,,,,,,,,High,Verified,https://explore.overturemaps.org/#id=c667f6a1-55f4-472c-a1c7-c75371c50f52,
8094,A,91,Letterkenny,Ireland,Moores Holiday Homes Dunfanaghy,,hotel,"Moores Holiday Homes, Letterkenny",353866077034,1,,,High,,,,overture:dbee4606-a53d-4dab-8984-917d868f271d,2026-08-15,New,,http://www.mooresholidayhomes.com/,mooresholidayhomes@hotmail.com,,,,,,,,,,High,Verified,https://explore.overturemaps.org/#id=dbee4606-a53d-4dab-8984-917d868f271d,
8095,B,70,Wimborne,United Kingdom,Moors Property Management,,property_management,"444 Ringwood Rd, Wimborne, ENG",441202825572,1,,,High,,,,overture:0fa8ef9b-2958-4dd0-bc08-1c394033cf00,2026-08-15,New,Recall-first: plausible adjacent hospitality/STR buyer retained.,http://www.moorsproperties.co.uk,office@moorsproperties.co.uk,,,,,,,,,,Medium,Recall-first,https://explore.overturemaps.org/#id=0fa8ef9b-2958-4dd0-bc08-1c394033cf00,
8096,B,70,Savannah,USA,Mopper Property Management,,property_management,"1650 E Victory Dr, Savannah, GA",19122980225,1,,,High,,,,overture:3a782dd4-1fa2-4640-a044-4c86e2973d1b,2026-08-15,New,Recall-first: plausible adjacent hospitality/STR buyer retained.,http://www.mopperpm.com/,info@mopperpm.com,,,,,,,,,,Medium,Recall-first,https://explore.overturemaps.org/#id=3a782dd4-1fa2-4640-a044-4c86e2973d1b,
8097,B,70,San Rafael,USA,Morley Fredericks Property Management and Real Estate Services,,real_estate_service,"1414 4th St, San Rafael, CA",14158471224,1,,,High,,,,overture:9dbcc375-bca3-49c2-9f8f-6690bf288dee,2026-08-15,New,Recall-first: plausible adjacent hospitality/STR buyer retained.,http://www.morleyfredericks.com/,frontdesk@morleyfredericks.com,,https://www.instagram.com/morleyfredericks_realestate/,,,,,,,,Medium,Recall-first,https://explore.overturemaps.org/#id=9dbcc375-bca3-49c2-9f8f-6690bf288dee,
8098,A,91,Caernarfon,United Kingdom,Morris Leisure Touring Caravan And Holiday Home Parks,,rv_park,"Llanberis Touring Park, Glyn Rhonwy, Caernarfon, WLS",441286870700,1,,,High,,,,overture:1eaf6ab4-7d37-4053-81a4-93a88d44ae41,2026-08-15,New,,https://www.morris-leisure.co.uk/,llanberis@morris-leisure.co.uk,,https://www.instagram.com/morrisleisure/,,,,,,,,High,Verified,https://explore.overturemaps.org/#id=1eaf6ab4-7d37-4053-81a4-93a88d44ae41,
8099,A,88,Λειβαθώ,Greece,Moschato Estate Villas,,hotel,"Moschato Mavri Svoronata, Λειβαθώ",306932363433,1,,,High,,,,overture:32dafe41-a7af-4d2f-8ccc-167125882546,2026-08-15,New,,http://www.moschatoestatevillas.com/,moschatoestatevillas@gmail.com,,https://www.instagram.com/moschato_estate_villas/,,,,,,,,High,Verified,https://explore.overturemaps.org/#id=32dafe41-a7af-4d2f-8ccc-167125882546,
8100,B,70,Evergreen,USA,Mountain Haven Property Management,,property_management,"3045 Whitman Dr, Evergreen, CO",13033455813,1,,,High,,,,overture:41385a0f-b03e-4224-b462-b7414496e083,2026-08-15,New,Recall-first: plausible adjacent hospitality/STR buyer retained.,http://www.mountainhavenco.com/,kim@mountainhavenco.com,,,,,,,,,,Medium,Recall-first,https://explore.overturemaps.org/#id=41385a0f-b03e-4224-b462-b7414496e083,
8101,B,70,Logan,USA,Mountain States Property Management,,property_management,"95 W 100 S, Logan, UT",14352139000,1,,,High,,,,overture:d18cd535-e3bc-4188-9be1-41dd0afd0351,2026-08-15,New,Recall-first: plausible adjacent hospitality/STR buyer retained.,http://www.mountainstatespm.com/,cmartinez@mountainstatespm.com,,,,,,,,,,Medium,Recall-first,https://explore.overturemaps.org/#id=d18cd535-e3bc-4188-9be1-41dd0afd0351,
8102,A,91,Sevierville,USA,Mountain Time Cabin Rentals,,cabin,"Sevierville, TN",18657774339,1,,,High,,,,overture:0d265c2f-c96d-4c25-a28d-e7b8a28f5244,2026-08-15,New,,http://mountaintimecabinrentals.com/,mountaintimecabinrentals@gmail.com,,https://www.instagram.com/mountaintimecabinrentals/,,,,,,,,High,Verified,https://explore.overturemaps.org/#id=0d265c2f-c96d-4c25-a28d-e7b8a28f5244,
8103,B,70,Timmins,USA,Mount Jamieson Resort,,ski_resort,"5050 Kamiskotia Rd, Timmins, ON",17052689057,1,,,High,,,,overture:02be262a-dbc5-4cef-8632-9f9b34952168,2026-08-15,New,Recall-first: plausible adjacent hospitality/STR buyer retained.,http://www.mountjamieson.ca/,snowschool@mountjamieson.ca,,https://www.instagram.com/mountjamiesonresort/,,,,,,,,Medium,Recall-first,https://explore.overturemaps.org/#id=02be262a-dbc5-4cef-8632-9f9b34952168,
8104,A,88,Περιφέρεια Βόρειου Αιγαίου,Greece,Mouzakis Villas,,hotel,"Unnamed Rd,Agia Paraskevi 831 00, Περιφέρεια Βόρειου Αιγαίου",306946462189,1,,,High,,,,overture:3ee4157c-b339-44cb-9384-132bb1aac1ea,2026-08-15,New,,http://www.mouzakisvillas.gr/,info@mouzakisvillas.gr,,https://www.instagram.com/mouzakisvillas/,,,,,,,,High,Verified,https://explore.overturemaps.org/#id=3ee4157c-b339-44cb-9384-132bb1aac1ea,
8105,B,70,Raleigh,USA,"MoveZen Property Management Raleigh Metro, Wake County, Johnston County",,property_management,"609 St Marys St, Raleigh, NC",19192498555,1,,,High,,,,overture:3482aa80-5329-40e4-a431-11f771fff852,2026-08-15,New,Recall-first: plausible adjacent hospitality/STR buyer retained.,https://movezen360.com/raleigh/,rent@movezen360.com,,https://www.instagram.com/movezen/,,,,,,,,Medium,Recall-first,https://explore.overturemaps.org/#id=3482aa80-5329-40e4-a431-11f771fff852,
8106,A,91,Sevierville,USA,Moving Mountains Property Management & Design,,property_management,"1713 Pittman Center Rd, Sevierville, TN",18652918477,1,,,High,,,,overture:e2823e44-2b6f-40f1-a68d-42fdc893b251,2026-08-15,New,,http://movingmountains.vacations/,movingmountains920@gmail.com,,,,,,,,,,High,Verified,https://explore.overturemaps.org/#id=e2823e44-2b6f-40f1-a68d-42fdc893b251,
8107,B,70,Burlington,USA,MPC Property Management,,property_management,"120 E Chestnut St, Burlington, WI",12626614284,1,,,High,,,,overture:3e749ad4-07c8-4f4a-9c7e-f068cf049e6c,2026-08-15,New,Recall-first: plausible adjacent hospitality/STR buyer retained.,http://www.mpcpm.com,michellepete@mpcpm.com,,,,,,,,,,Medium,Recall-first,https://explore.overturemaps.org/#id=3e749ad4-07c8-4f4a-9c7e-f068cf049e6c,
8108,B,70,Milwaukee,USA,MPI Property Management,,property_management,"6700 W Fairview Ave, Milwaukee, WI",14149332700,1,,,High,,,,overture:0aaed369-7cac-4aad-975b-9919148dfc7f,2026-08-15,New,Recall-first: plausible adjacent hospitality/STR buyer retained.,https://www.mpiwi.com/,mpi.property.management.wi@gmail.com,,,,,,,,,,Medium,Recall-first,https://explore.overturemaps.org/#id=0aaed369-7cac-4aad-975b-9919148dfc7f,
8109,A,88,Περιφέρεια Ιονίων Νήσων,Greece,Mr & Mrs Grey luxury private villas,,hotel,"EO Zakinthou Keriou, Περιφέρεια Ιονίων Νήσων",306973850624,1,,,High,,,,overture:bc31ea0c-83ea-47d4-ae40-dfc9e606e115,2026-08-15,New,,https://www.mrandmrsgreyvillas.com/,mrandmrsgreyvillas75@gmail.com,,https://www.instagram.com/mr.and.mrs.grey.villas/,,,,,,,,High,Verified,https://explore.overturemaps.org/#id=bc31ea0c-83ea-47d4-ae40-dfc9e606e115,
8110,A,88,Περιφέρεια Νοτίου Αιγαίου,Greece,Mr and Mrs White Tinos Boutique Resort,,hotel,"Mrs White, Mr &, Περιφέρεια Νοτίου Αιγαίου",302283029057,1,,,High,,,,overture:f2549790-6598-49b2-835b-33c631b2f817,2026-08-15,New,,http://www.mrandmrswhitetinos.com/,info@mrandmrswhitetinos.com,,,,,,,,,,High,Verified,https://explore.overturemaps.org/#id=f2549790-6598-49b2-835b-33c631b2f817,
8111,B,70,Walnut Creek,USA,MSB Property Management,,property_management,"1910 Olympic Blvd, Walnut Creek, CA",15106493380,1,,,High,,,,overture:3d4d0782-f18b-4ce2-aa58-e6f9a15b519f,2026-08-15,New,Recall-first: plausible adjacent hospitality/STR buyer retained.,http://msbmanagement.com/,nikbhachu.msb@gmail.com,,,,,,,,,,Medium,Recall-first,https://explore.overturemaps.org/#id=3d4d0782-f18b-4ce2-aa58-e6f9a15b519f,
8112,B,70,Buckeye,USA,Main Street Property Management,,property_management,"21069 W Main St, Buckeye, AZ",16239804200,1,,,High,,,,overture:7ef3e1fd-6f6c-476a-99b2-a99e76beff88,2026-08-15,New,Recall-first: plausible adjacent hospitality/STR buyer retained.,https://mspmllc.com/,devpel@mspmllc.com,,,,,,,,,,Medium,Recall-first,https://explore.overturemaps.org/#id=7ef3e1fd-6f6c-476a-99b2-a99e76beff88,
8113,B,70,Shelby,USA,Mt. La Crosse Ski & Snowboard,,ski_resort,"W5549 Old Town Hall Rd, Shelby, WI",16087880044,1,,,High,,,,overture:77e42bc2-f807-486b-8808-074acc24c81d,2026-08-15,New,Recall-first: plausible adjacent hospitality/STR buyer retained.,http://www.mtlacrosse.com/,info@mtlacrosse.com,,https://www.instagram.com/mtlacrosse/,,,,,,,,Medium,Recall-first,https://explore.overturemaps.org/#id=77e42bc2-f807-486b-8808-074acc24c81d,
8114,A,91,La Porte,USA,MTM Premier Property Management Services,,holiday_rental_home,"418 Perry St, La Porte, IN",12192462642,1,,,High,,,,overture:e357f805-20dd-4ed0-b69a-61d269bc83e5,2026-08-15,New,,http://www.mtmpremier.com/,mtmpremier@gmail.com,,,,,,,,,,High,Verified,https://explore.overturemaps.org/#id=e357f805-20dd-4ed0-b69a-61d269bc83e5,
8115,B,70,Lodi,USA,MT Property Management,,property_management,"4 N School St, Lodi, CA",12092101704,1,,,High,,,,overture:2e6e99f1-b3fe-4a74-bb3a-798d0621c1e0,2026-08-15,New,Recall-first: plausible adjacent hospitality/STR buyer retained.,http://www.mtpropertymanagement.co/,jrmproperties@gmail.com,,,,,,,,,,Medium,Recall-first,https://explore.overturemaps.org/#id=2e6e99f1-b3fe-4a74-bb3a-798d0621c1e0,
8116,A,88,Duluth,USA,Mountain Villas,,resort,"9525 W Skyline Pkwy, Duluth, MN",12186245784,1,,,High,,,,overture:a1d47483-a576-4c7f-b678-8b9b3601ee71,2026-08-15,New,,http://www.mtvillas.com/,spiritmountainvillas@gmail.com,,https://www.instagram.com/mtvillas/,,,,,,,,High,Verified,https://explore.overturemaps.org/#id=a1d47483-a576-4c7f-b678-8b9b3601ee71,
8117,A,91,Whitby,United Kingdom,"Mulgrave House, Holiday Home, Whitby",,holiday_rental_home,"31 Mulgrave Road, Whitby, ENG",447578902477,1,,,High,,,,overture:5e6628b3-492a-4e81-bd47-59094430511a,2026-08-15,New,,https://www.mulgravehousewhitby.co.uk/,mulgraveluxury@hotmail.com,,,,,,,,,,High,Verified,https://explore.overturemaps.org/#id=5e6628b3-492a-4e81-bd47-59094430511a,
8118,A,91,Swansea,United Kingdom,Mumbles holiday homes,,hotel,"484 Mumbles Road, Swansea, WLS",447776464869,1,,,High,,,,overture:1230ed9a-435c-4b87-80b7-f0c7b48eb375,2026-08-15,New,,http://www.mumblesholidayhomes.co.uk/,enquiries@mumblesholidayhomes.co.uk,,,,,,,,,,High,Verified,https://explore.overturemaps.org/#id=1230ed9a-435c-4b87-80b7-f0c7b48eb375,
8119,A,88,Παξοί,Greece,Muscalas Villas - Paxos Seaside Luxury Villas,,hotel,"Monodendri, Παξοί",306971894822,1,,,High,,,,overture:1d3c3ad0-82d3-4875-bee9-3590910868af,2026-08-15,New,,http://muscalasvillaspaxos.com/,info@muscalasvillaspaxos.com,,https://www.instagram.com/villasmuscalas/,,,,,,,,High,Verified,https://explore.overturemaps.org/#id=1d3c3ad0-82d3-4875-bee9-3590910868af,
8120,A,88,Foinikoús,Greece,Muses Villas Finikounda,,resort,"Φοινικούντα, Μεσσηνία, Foinikoús",306944507384,1,,,High,,,,overture:d19e0eb5-b593-48e8-9bf3-01d80529c760,2026-08-15,New,,http://www.muses-finikounda.gr/,musesvillas@gmail.com,,https://www.instagram.com/musesvillas_finikounda/,,,,,,,,High,Verified,https://explore.overturemaps.org/#id=d19e0eb5-b593-48e8-9bf3-01d80529c760,
8121,A,88,Αποκεντρωμένη Διοίκηση Αιγαίου,Greece,Muses of Art Villas,,hotel,"Eparchiaki odos, Αποκεντρωμένη Διοίκηση Αιγαίου",306939608700,1,,,High,,,,overture:f318d136-9b16-4755-937f-625ecba7b369,2026-08-15,New,,https://musesofart-villas.gr/,musesofart.villas@gmail.com,,https://www.instagram.com/muses_of_art_villas/,,,,,,,,High,Verified,https://explore.overturemaps.org/#id=f318d136-9b16-4755-937f-625ecba7b369,
8122,B,70,Grass Valley,USA,Mountain Valley Property Management,,property_management,"404 S Auburn St, Grass Valley, CA",15302721631,1,,,High,,,,overture:3b2aa147-1895-46b9-8692-e0b94202e320,2026-08-15,New,Recall-first: plausible adjacent hospitality/STR buyer retained.,http://mvalleypm.com/,info@mvalleypm.com,,,,,,,,,,Medium,Recall-first,https://explore.overturemaps.org/#id=3b2aa147-1895-46b9-8692-e0b94202e320,
8123,B,70,Oakdale,USA,MVP Property Management,,property_management,"132 N 3rd Ave, Oakdale, CA",12092223272,1,,,High,,,,overture:2ff72086-a0c8-4def-b86e-da902465fa71,2026-08-15,New,Recall-first: plausible adjacent hospitality/STR buyer retained.,http://www.MVPrents.com/,info@mvprents.com,,,,,,,,,,Medium,Recall-first,https://explore.overturemaps.org/#id=2ff72086-a0c8-4def-b86e-da902465fa71,
8124,B,70,Castle Rock,USA,Mycasa Real Estate and Property Management,,real_estate_service,"482 Silbrico Way, Castle Rock, CO",17202366665,1,,,High,,,,overture:f530d631-75bc-4893-8d93-a742d7273c78,2026-08-15,New,Recall-first: plausible adjacent hospitality/STR buyer retained.,http://www.mycasa.com/,justin@mycasa.com,,,,,,,,,,Medium,Recall-first,https://explore.overturemaps.org/#id=f530d631-75bc-4893-8d93-a742d7273c78,
8125,B,70,Charlotte,USA,"Charlotte Property Management and Rental Services, LLC",,property_management,"9010 Glenwater Drive, Charlotte, NC",7045931102,1,,,High,,,,overture:cab6494b-8b47-4a32-94b9-02e50f682a67,2026-08-15,New,Recall-first: plausible adjacent hospitality/STR buyer retained.,https://www.mycharlottehome.com,ryanhollins@mycharlottehome.com,,,,,,,,,,Medium,Recall-first,https://explore.overturemaps.org/#id=cab6494b-8b47-4a32-94b9-02e50f682a67,
8126,B,70,Carol Stream,USA,Concierge Property Management,,property_management,"762 Hickory Ln, Carol Stream, IL",8478759946,1,,,High,,,,overture:9c6eae0e-0c57-443d-997c-62e6ccca1cb7,2026-08-15,New,Recall-first: plausible adjacent hospitality/STR buyer retained.,http://www.myconciergepm.com,slasky@myconciergepm.com,,https://www.instagram.com/myconciergepm/,,,,,,,,Medium,Recall-first,https://explore.overturemaps.org/#id=9c6eae0e-0c57-443d-997c-62e6ccca1cb7,
8127,A,88,Μύκονος,Greece,Myconian Collection Hotels & Resorts,,hotel,"Mykonos, Μύκονος",302289076000,1,,,High,,,,overture:fbe6b8f4-5646-498b-a9ee-a685cd66b36d,2026-08-15,New,,http://www.myconiancollection.gr/,villas@myconiancollection.gr,,https://www.instagram.com/myconiancollectionhotels/,,,,,,,,High,Verified,https://explore.overturemaps.org/#id=fbe6b8f4-5646-498b-a9ee-a685cd66b36d,
8128,A,91,Mauston,USA,Eagle Bluff Estate Vacation Rental,,cabin,"N6054 County Road HH, Mauston, WI",17085333370,1,,,High,,,,overture:0cb4f9e8-350c-4b6d-8dcf-41e74488081c,2026-08-15,New,,https://www.myfavoritehomeawayfromhome.com/eagle-bluff-estate.html,eaglebluff6054@gmail.com,,https://www.instagram.com/myfavhomeawayfromhome/,,,,,,,,High,Verified,https://explore.overturemaps.org/#id=0cb4f9e8-350c-4b6d-8dcf-41e74488081c,
8129,A,88,Μύκονος,Greece,Mykonos Dream Villas,,hotel,Μύκονος,306977220631,1,,,High,,,,overture:b72240e5-dcfc-4a42-a6b2-60493bb41526,2026-08-15,New,,http://www.mykonianvilla.com/,info@mykonianvilla.com,,https://www.instagram.com/mykonian_villa/,,,,,,,,High,Verified,https://explore.overturemaps.org/#id=b72240e5-dcfc-4a42-a6b2-60493bb41526,
8130,A,88,Μύκονος,Greece,Mykonos Chora Residences,,hotel,Μύκονος,302289027778,1,,,High,,,,overture:ddc529e2-8f26-4eb0-8312-461dce35243c,2026-08-15,New,,http://mykonoschorapartments.gr/,info@mykonoschorapartments.gr,,https://www.instagram.com/mykonoschoraresidences/,,,,,,,,High,Verified,https://explore.overturemaps.org/#id=ddc529e2-8f26-4eb0-8312-461dce35243c,
8131,A,91,Μύκονος,Greece,Villas Kappas | Rent a Luxury Villa in Mykonos Greece,,hotel,"Άγιος Σώστης, Μύκονος",,1,,,High,,,,overture:5a569b8e-7a37-44f2-ac13-709bdec561c7,2026-08-15,New,,http://www.mykonosgreeceholidays.com/,alexkappas@gmail.com,,https://www.instagram.com/mykonosgreeceholidays/,,,,,,,,High,Verified,https://explore.overturemaps.org/#id=5a569b8e-7a37-44f2-ac13-709bdec561c7,
8132,A,88,Περιφέρεια Νοτίου Αιγαίου,Greece,Mykonos No5 Suites & Villas,,hotel,"Kanalia, Περιφέρεια Νοτίου Αιγαίου",302289024986,1,,,High,,,,overture:43eb74f1-f36c-4ecb-8568-eab7489f76bc,2026-08-15,New,,http://www.mykonosnumberfive.com/,info@mykonosnumberfive.com,,https://www.instagram.com/mykonos_no5/,,,,,,,,High,Verified,https://explore.overturemaps.org/#id=43eb74f1-f36c-4ecb-8568-eab7489f76bc,
8133,A,88,Μελιτειέοι,Greece,My Luxury Corfu Villas,,hotel,"Agia Pelagia, Μελιτειέοι",,1,,,High,,,,overture:3dff5747-eb25-4d16-8a58-e35059ccf232,2026-08-15,New,,https://www.myluxurycorfuvillas.com/,contact@myluxurycorfuvillas.com,,https://www.instagram.com/myluxurycorfuvillas/,,,,,,,,High,Verified,https://explore.overturemaps.org/#id=3dff5747-eb25-4d16-8a58-e35059ccf232,
8134,A,91,Περιφερειακή Ενότητα Καρπάθου-Ηρωικής Νήσου Κάσου,Greece,Myrthea Luxury Villas,,holiday_rental_home,Περιφερειακή Ενότητα Καρπάθου-Ηρωικής Νήσου Κάσου,306974395507,1,,,High,,,,overture:4cdfedb8-7c5b-4cef-8a37-2ddbbee03c49,2026-08-15,New,,http://www.myrthea-villas.gr/,info@myrthea-villas.gr,,https://www.instagram.com/akusuites/,,,,,,,,High,Verified,https://explore.overturemaps.org/#id=4cdfedb8-7c5b-4cef-8a37-2ddbbee03c49,
8135,A,88,Myrtle Beach,USA,Myrtle Beach SC,,hotel,"5308 N Ocean Blvd, Myrtle Beach, SC",,1,,,High,,,,overture:9318f580-8bc6-4c91-91ca-33f56fda2786,2026-08-15,New,,https://www.myrtlebeachvacationrentals.com/rental/house/2196?User,sherry479@outlook.com,,https://www.instagram.com/mbvacation/,,,,,,,,High,Verified,https://explore.overturemaps.org/#id=9318f580-8bc6-4c91-91ca-33f56fda2786,
8136,A,91,North Myrtle Beach,USA,Myrtle Palms Vacation Rentals,,holiday_rental_home,"907 45th Ave S, North Myrtle Beach, SC",18432730394,1,,,High,,,,overture:6184f942-9073-4014-9605-3e8c75e271a7,2026-08-15,New,,http://www.myrtlepalmsvacationrentals.com/,richjacoby@me.com,,https://www.instagram.com/myrtlepalmsvacationrentals/,,,,,,,,High,Verified,https://explore.overturemaps.org/#id=6184f942-9073-4014-9605-3e8c75e271a7,
8137,B,70,Columbia,USA,Success Realty and Property Management,,property_management,"Elm Abode Terrace, Columbia, SC",18034003300,1,,,High,,,,overture:e50f5fad-3f72-4627-86c2-3abdf9ca8dd6,2026-08-15,New,Recall-first: plausible adjacent hospitality/STR buyer retained.,http://www.mysuccessstartshere.com/,oursuccessstartshere@gmail.com,,,,,,,,,,Medium,Recall-first,https://explore.overturemaps.org/#id=e50f5fad-3f72-4627-86c2-3abdf9ca8dd6,
8138,A,91,Hazelhurst,USA,MY T Pine Acres Cabin Rentals,,cabin,"Rr Hazelhurst 54531 United S, Hazelhurst, WI",14143132385,1,,,High,,,,overture:ba5429af-ff2e-4286-8604-4a19f3eb33f4,2026-08-15,New,,https://mytpineacres.com/,mytpine@hotmail.com,,,,,,,,,,High,Verified,https://explore.overturemaps.org/#id=ba5429af-ff2e-4286-8604-4a19f3eb33f4,
8139,B,70,Naas,United Kingdom,Naas Property Management,,property_management,"2 Corban's Lane, Naas",35345894891,1,,,High,,,,overture:f1d222a2-66ba-41d7-8f68-2a5f6e300348,2026-08-15,New,Recall-first: plausible adjacent hospitality/STR buyer retained.,http://www.naaspm.ie/,info@naaspm.ie,,,,,,,,,,Medium,Recall-first,https://explore.overturemaps.org/#id=f1d222a2-66ba-41d7-8f68-2a5f6e300348,
8140,A,88,Πυθαγόρειο,Greece,Naftilos Residences,,hotel,"Potokaki Pythagoreio, Πυθαγόρειο",302273062649,1,,,High,,,,overture:e7cecb49-1ea5-4180-844e-f9f8f09e73f1,2026-08-15,New,,https://naftilos-group.com/,residences@naftilos-group.com,,https://www.instagram.com/naftilos.samos/,,,,,,,,High,Verified,https://explore.overturemaps.org/#id=e7cecb49-1ea5-4180-844e-f9f8f09e73f1,
8141,A,88,Μύκονος,Greece,Nama Villas,,hotel,Μύκονος,306944524582,1,,,High,,,,overture:971ef5f4-242a-4110-9cfe-74ff1e394af4,2026-08-15,New,,http://www.namavillasmykonos.com/en/,info@namavillasmykonos.com,,,,,,,,,,High,Verified,https://explore.overturemaps.org/#id=971ef5f4-242a-4110-9cfe-74ff1e394af4,
8142,A,88,Περιφέρεια Νοτίου Αιγαίου,Greece,Naoussa Hills Boutique Resort,,hotel,"Σελάδια, Περιφέρεια Νοτίου Αιγαίου",306974366758,1,,,High,,,,overture:5be36e2e-4b85-4a41-932b-3db65a5df1ab,2026-08-15,New,,http://naoussa-hills.gr/,n.zekas@gmail.com,,,,,,,,,,High,Verified,https://explore.overturemaps.org/#id=5be36e2e-4b85-4a41-932b-3db65a5df1ab,
8143,A,88,Πάρος,Greece,Naoussa Bay Villas /Paros-Greece,,hotel,"Naoussa Bay Villas, Πάρος",306977941555,1,,,High,,,,overture:6f3afe2d-8193-4907-a0f8-c0691b56076b,2026-08-15,New,,http://www.naoussabayvillas.gr/,karonism@gmail.com,,,,,,,,,,High,Verified,https://explore.overturemaps.org/#id=6f3afe2d-8193-4907-a0f8-c0691b56076b,
8144,A,88,Θήρα,Greece,Native Eco Villas,,hotel,Θήρα,306932608655,1,,,High,,,,overture:1d675ce2-b0fc-44a8-85ad-dc20babc6aa9,2026-08-15,New,,http://www.native.gr/,info@native.gr,,https://www.instagram.com/nativeecovillas/,,,,,,,,High,Verified,https://explore.overturemaps.org/#id=1d675ce2-b0fc-44a8-85ad-dc20babc6aa9,
8145,A,88,Περιφερειακή Ενότητα Κέρκυρας,Greece,Natura Estate Corfu Villas,,lodging,"Molos-Alykes Rd, Περιφερειακή Ενότητα Κέρκυρας",306936018800,1,,,High,,,,overture:c134db64-345f-4654-9934-e869990327dd,2026-08-15,New,,https://naturaestatecorfuvillas.com/,info@naturaestatecorfuvillas.com,,https://www.instagram.com/naturaestatecorfuvillas/,,,,,,,,High,Verified,https://explore.overturemaps.org/#id=c134db64-345f-4654-9934-e869990327dd,
8146,A,88,Μύκονος,Greece,Natural Stone Villas,,hotel,"Κορφος, Μύκονος",306980966914,1,,,High,,,,overture:ef29e1c6-9d97-4fc4-b517-ba0881030f7d,2026-08-15,New,,https://naturalstonevillas.gr/,nsvmykonos@gmail.com,,https://www.instagram.com/nsvmykonos/,,,,,,,,High,Verified,https://explore.overturemaps.org/#id=ef29e1c6-9d97-4fc4-b517-ba0881030f7d,
8147,A,88,Κως,Greece,Natura Park Village Hotel & Spa,,beach_resort,"Psalidi, Κως",302242045800,1,,,High,,,,overture:94bdd697-d49d-4efa-9ea6-5e3ad66eec96,2026-08-15,New,,http://www.naturaparkvillage.gr/,info@naturaparkvillage.gr,,https://www.instagram.com/naturaparkvillage/,,,,,,,,High,Verified,https://explore.overturemaps.org/#id=94bdd697-d49d-4efa-9ea6-5e3ad66eec96,
8148,A,88,Λευκάδα,Greece,Nature Villas,,hotel,Λευκάδα,302645024966,1,,,High,,,,overture:7056666e-f55c-4e34-867f-e43b0ef8a173,2026-08-15,New,,http://www.naturevillas.gr/prices-contact,nostevillas@gmail.com,,https://www.instagram.com/naturevillas/,,,,,,,,High,Verified,https://explore.overturemaps.org/#id=7056666e-f55c-4e34-867f-e43b0ef8a173,
8149,A,88,Ζαγορά,Greece,Nautilus Villas,,hotel,"Πήλιο, Άγιοι Σαράντα, Ζαγορά",306932475548,1,,,High,,,,overture:bad48f4c-140a-4742-9d80-385eb52687de,2026-08-15,New,,https://nautilusvillas.gr/,info@nautilusvillas.gr,,,,,,,,,,High,Verified,https://explore.overturemaps.org/#id=bad48f4c-140a-4742-9d80-385eb52687de,
8150,A,88,Glinádhos,Greece,Naxian album Villas,,hotel,"Mylos area, Glinádhos",306937823371,1,,,High,,,,overture:c006935c-ef61-4583-9f66-f3f5cf3dfb7e,2026-08-15,New,,https://naxianalbum.com/,fragkiskosd1@gmail.com,,,,,,,,,,High,Verified,https://explore.overturemaps.org/#id=c006935c-ef61-4583-9f66-f3f5cf3dfb7e,
8151,A,88,Νάξος,Greece,Naxian Queen Luxury Villas and Suites,,hotel,Νάξος,302107213253,1,,,High,,,,overture:e26cd258-da90-49b0-b9a4-49f6a6543c54,2026-08-15,New,,http://www.naxianqueen.com/,info@naxianqueen.com,,https://www.instagram.com/naxian_queen_luxury_villas/,,,,,,,,High,Verified,https://explore.overturemaps.org/#id=e26cd258-da90-49b0-b9a4-49f6a6543c54,
8152,A,88,Νάξος,Greece,Naxos Finest Hotel & Villas,,hotel,Νάξος,306936746020,1,,,High,,,,overture:bf54709f-3549-456f-9ec1-087501e11ba2,2026-08-15,New,,http://www.naxos-finest.com/,info@naxos-finest.com,,,,,,,,,,High,Verified,https://explore.overturemaps.org/#id=bf54709f-3549-456f-9ec1-087501e11ba2,
8153,A,88,Náxos,Greece,Aigli Naxos villas,,hotel,"Plaka-Naxos, Náxos",306986658855,1,,,High,,,,overture:983cdb5f-4479-4316-85fe-f89f0109f8d1,2026-08-15,New,,http://www.naxosaiglivillas.com/,info@naxosaiglivillas.com,,https://www.instagram.com/aiglivillasnaxos/,,,,,,,,High,Verified,https://explore.overturemaps.org/#id=983cdb5f-4479-4316-85fe-f89f0109f8d1,
8154,A,88,Νάξος,Greece,Eden Beachfront Residences & Suites,,hotel,Νάξος,,1,,,High,,,,overture:e5f5618a-5e86-419f-90b2-a4edfe05da4b,2026-08-15,New,,https://www.naxoseden.com/,info@naxoseden.com,,https://www.instagram.com/eden_beachfront/,,,,,,,,High,Verified,https://explore.overturemaps.org/#id=e5f5618a-5e86-419f-90b2-a4edfe05da4b,
8155,A,88,Νάξος,Greece,Naxos Luxury Villas,,hotel,"Unnamed Road, Νάξος",306977204762,1,,,High,,,,overture:df033256-617e-4781-a2ba-81c0d7ce5d67,2026-08-15,New,,http://www.naxosluxuryvillas.gr/,info@naxosluxuryvillas.gr,,,,,,,,,,High,Verified,https://explore.overturemaps.org/#id=df033256-617e-4781-a2ba-81c0d7ce5d67,
8156,A,88,Νάξος,Greece,Naxos Privilege Villas,,hotel,"Agia Anna 0, Νάξος",306973055907,1,,,High,,,,overture:2f95e1e5-ff84-481d-a610-96f2c284fb9e,2026-08-15,New,,http://www.naxosprivilege.com/,info@naxosprivilege.com,,,,,,,,,,High,Verified,https://explore.overturemaps.org/#id=2f95e1e5-ff84-481d-a610-96f2c284fb9e,
8157,A,91,Νάξος,Greece,Naxos Vacation Rentals,,holiday_rental_home,"Petros Protopapadakis 13, Νάξος",306949453468,1,,,High,,,,overture:280e45f8-1a34-4ca2-baff-9ae6493226f1,2026-08-15,New,,http://www.naxosvacationrentals.com/,info@naxosvacationrentals.com,,https://www.instagram.com/naxosvacationrentals/,,,,,,,,High,Verified,https://explore.overturemaps.org/#id=280e45f8-1a34-4ca2-baff-9ae6493226f1,
8158,B,70,Knoxville,USA,NBS Property Management,,property_management,"6408 Clinton Hwy, Knoxville, TN",18653472729,1,,,High,,,,overture:c4d77bc6-636f-47ee-ab28-34b96d4bd167,2026-08-15,New,Recall-first: plausible adjacent hospitality/STR buyer retained.,https://nbspropertymanagement.com/,nbs@nbspropertymanagement.com,,,,,,,,,,Medium,Recall-first,https://explore.overturemaps.org/#id=c4d77bc6-636f-47ee-ab28-34b96d4bd167,
8159,B,70,Jackson,USA,Nc Development Group,,property_management,"159 W Pearl St, Jackson, MI",15177966148,1,,,High,,,,overture:2a0894b5-bbe6-4fed-bd32-6467576bd96e,2026-08-15,New,Recall-first: plausible adjacent hospitality/STR buyer retained.,http://www.ncdevgroup.com,info@ncdevgroup.com,,https://www.instagram.com/ncdg.realestate/,,,,,,,,Medium,Recall-first,https://explore.overturemaps.org/#id=2a0894b5-bbe6-4fed-bd32-6467576bd96e,
8160,B,70,Burlington,USA,Sunshine Realty Property Management LLC,,property_management,"830 Chapel Hill Rd, Burlington, NC",13362262345,1,,,High,,,,overture:0f044285-be98-41cb-96a9-bb9fe66ef6d3,2026-08-15,New,Recall-first: plausible adjacent hospitality/STR buyer retained.,http://www.ncsunshinerealty.com/,crystal@ncsunshinerealty.com,,,,,,,,,,Medium,Recall-first,https://explore.overturemaps.org/#id=0f044285-be98-41cb-96a9-bb9fe66ef6d3,
8161,A,88,Λευκάδα,Greece,Nema Villas,,hotel,"Meganisi, Λευκάδα",306978123832,1,,,High,,,,overture:68adec92-10a1-4b8b-917f-13b4fc0f6f95,2026-08-15,New,,http://www.nemavillas.com/,info@nemavillas.com,,https://www.instagram.com/nemavillas/,,,,,,,,High,Verified,https://explore.overturemaps.org/#id=68adec92-10a1-4b8b-917f-13b4fc0f6f95,
8162,A,88,Lefkáda,Greece,Nemesis Villas,,hotel,"Απόλπαινα, Lefkáda",306972860566,1,,,High,,,,overture:22101d85-4ca1-4eb3-9ef2-59a6a213c999,2026-08-15,New,,https://nemesisvillas.gr/,info@nemesisvillas.gr,,https://www.instagram.com/nemesis_villas_lefkada/,,,,,,,,High,Verified,https://explore.overturemaps.org/#id=22101d85-4ca1-4eb3-9ef2-59a6a213c999,
8163,A,88,Ortaca,Greece,Neo Dalyan Residences,,hotel,"Vardiya Sokak 16/2, Ortaca",905415597595,1,,,High,,,,overture:b18527f5-8b7b-4eb4-978a-260c2baa792f,2026-08-15,New,,http://neodalyan.com/,booking@neodalyan.com,,https://www.instagram.com/neo_dalyan/,,,,,,,,High,Verified,https://explore.overturemaps.org/#id=b18527f5-8b7b-4eb4-978a-260c2baa792f,
8164,A,88,Ηρακλείδες,Greece,Neptune Luxury Resort,,hotel,"Neptune Luxury Resort, Ηρακλείδες",302242058900,1,,,High,,,,overture:f4171d15-e9d7-478d-855c-91b4fca1b729,2026-08-15,New,,http://www.neptune.gr/,neptunehotels@neptune.gr,,https://www.instagram.com/neptunehotels/,,,,,,,,High,Verified,https://explore.overturemaps.org/#id=f4171d15-e9d7-478d-855c-91b4fca1b729,
8165,A,91,Νότια Ρόδος,Greece,Nerida Beachfront Villas,,holiday_rental_home,"Πλυμμήρι Κατταβιά, Νότια Ρόδος",306977243757,1,,,High,,,,overture:cdf700ac-cb7c-4778-a23a-5bd2538b2b92,2026-08-15,New,,http://www.nerida.gr/,neridavillas@gmail.com,,https://www.instagram.com/nerida_villas/,,,,,,,,High,Verified,https://explore.overturemaps.org/#id=cdf700ac-cb7c-4778-a23a-5bd2538b2b92,
8166,B,70,Drogheda,United Kingdom,Nest Estate Agents and Property Management,,real_estate_agent,"6 Dyer Street, Drogheda",353419800880,1,,,High,,,,overture:bafa43c5-4b6c-4434-b7e3-05d415d4a3da,2026-08-15,New,Recall-first: plausible adjacent hospitality/STR buyer retained.,http://www.nest.ie/,admin@nest.ie,,https://www.instagram.com/nest_property_drogheda/,,,,,,,,Medium,Recall-first,https://explore.overturemaps.org/#id=bafa43c5-4b6c-4434-b7e3-05d415d4a3da,
8167,B,70,Jacksonville,USA,Nest Finders Property Management,,property_management,"824 Gum Branch Rd, Jacksonville, NC",19103330083,1,,,High,,,,overture:a0f38276-297f-4615-9fa6-adc3f3e496ec,2026-08-15,New,Recall-first: plausible adjacent hospitality/STR buyer retained.,http://www.nestfinderspmnc.com/,manager@nestfinderspmnc.com,,,,,,,,,,Medium,Recall-first,https://explore.overturemaps.org/#id=a0f38276-297f-4615-9fa6-adc3f3e496ec,
8168,B,70,Doncaster,United Kingdom,Nestkey - Property Management Doncaster,,property_management,"Office 22, Woodfield Business Centre, Carr Hl, Doncaster, ENG",441302315031,1,,,High,,,,overture:c4a15cbb-70c8-4615-953c-bc81fdee52ae,2026-08-15,New,Recall-first: plausible adjacent hospitality/STR buyer retained.,https://nestkey.uk/,info@nestkey.uk,,,,,,,,,,Medium,Recall-first,https://explore.overturemaps.org/#id=c4a15cbb-70c8-4615-953c-bc81fdee52ae,
8169,B,70,Coralville,USA,Nest Property Management,,property_management,"1955 James St, Coralville, IA",13193387068,1,,,High,,,,overture:9bec082c-aeee-4421-9893-23505efd1f84,2026-08-15,New,Recall-first: plausible adjacent hospitality/STR buyer retained.,http://www.nestpm.com/,hello@nestpm.com,,,,,,,,,,Medium,Recall-first,https://explore.overturemaps.org/#id=9bec082c-aeee-4421-9893-23505efd1f84,
8170,B,70,Reno,USA,Nevada's Best Real Estate and Property Management,,property_management,"6135 Lakeside Dr, Reno, NV",17754326090,1,,,High,,,,overture:10f363c8-3d00-453a-8a89-d5af25d08af9,2026-08-15,New,Recall-first: plausible adjacent hospitality/STR buyer retained.,http://Nevadas-Best.com/,flor@nevadas-best.com,,https://www.instagram.com/nevadasbest/,,,,,,,,Medium,Recall-first,https://explore.overturemaps.org/#id=10f363c8-3d00-453a-8a89-d5af25d08af9,
