index,title,source_page_group,direct_image_url,source_gallery
1,Pc Up To No Good,iGTA5 official screenshots pages 2-5,https://www.igta5.com/images/official-screenshot-pc-up-to-no-good.jpg,https://www.igta5.com/official-screenshots
2,Pc Escaping With The Jewels,iGTA5 official screenshots pages 2-5,https://www.igta5.com/images/official-screenshot-pc-escaping-with-the-jewels.jpg,https://www.igta5.com/official-screenshots
3,Pc Spring Stream,iGTA5 official screenshots pages 2-5,https://www.igta5.com/images/official-screenshot-pc-spring-stream.jpg,https://www.igta5.com/official-screenshots
4,Pc Michael Buries The Hatchet,iGTA5 official screenshots pages 2-5,https://www.igta5.com/images/official-screenshot-pc-michael-buries-the-hatchet.jpg,https://www.igta5.com/official-screenshots
5,Pc Off Road Fun,iGTA5 official screenshots pages 2-5,https://www.igta5.com/images/official-screenshot-pc-off-road-fun.jpg,https://www.igta5.com/official-screenshots
6,Pc Lovely Golf Day,iGTA5 official screenshots pages 2-5,https://www.igta5.com/images/official-screenshot-pc-lovely-golf-day.jpg,https://www.igta5.com/official-screenshots
7,Pc Trevor Looking Tough,iGTA5 official screenshots pages 2-5,https://www.igta5.com/images/official-screenshot-pc-trevor-looking-tough.jpg,https://www.igta5.com/official-screenshots
8,Pc Alamo Sea Railway,iGTA5 official screenshots pages 2-5,https://www.igta5.com/images/official-screenshot-pc-alamo-sea-railway.jpg,https://www.igta5.com/official-screenshots
9,Pc We Run This Town,iGTA5 official screenshots pages 2-5,https://www.igta5.com/images/official-screenshot-pc-we-run-this-town.jpg,https://www.igta5.com/official-screenshots
10,Dude Wheres The Car,iGTA5 official screenshots pages 2-5,https://www.igta5.com/images/official-screenshot-dude-wheres-the-car.jpg,https://www.igta5.com/official-screenshots
11,Navy Steals,iGTA5 official screenshots pages 2-5,https://www.igta5.com/images/official-screenshot-navy-steals.jpg,https://www.igta5.com/official-screenshots
12,Silent And Deadly,iGTA5 official screenshots pages 2-5,https://www.igta5.com/images/official-screenshot-silent-and-deadly.jpg,https://www.igta5.com/official-screenshots
13,Pedal To The Armor,iGTA5 official screenshots pages 2-5,https://www.igta5.com/images/official-screenshot-pedal-to-the-armor.jpg,https://www.igta5.com/official-screenshots
14,Heli Assault,iGTA5 official screenshots pages 2-5,https://www.igta5.com/images/official-screenshot-heli-assault.jpg,https://www.igta5.com/official-screenshots
15,Mixed Colors,iGTA5 official screenshots pages 2-5,https://www.igta5.com/images/official-screenshot-mixed-colors.jpg,https://www.igta5.com/official-screenshots
16,Humane Way,iGTA5 official screenshots pages 2-5,https://www.igta5.com/images/official-screenshot-humane-way.jpg,https://www.igta5.com/official-screenshots
17,Two Wheel Tango,iGTA5 official screenshots pages 2-5,https://www.igta5.com/images/official-screenshot-two-wheel-tango.jpg,https://www.igta5.com/official-screenshots
18,Lost And Found,iGTA5 official screenshots pages 2-5,https://www.igta5.com/images/official-screenshot-lost-and-found.jpg,https://www.igta5.com/official-screenshots
19,Boom Cannon,iGTA5 official screenshots pages 2-5,https://www.igta5.com/images/official-screenshot-boom-cannon.jpg,https://www.igta5.com/official-screenshots
20,Hoodlums,iGTA5 official screenshots pages 2-5,https://www.igta5.com/images/official-screenshot-hoodlums.jpg,https://www.igta5.com/official-screenshots
21,Pc Highway At Night,iGTA5 official screenshots pages 2-5,https://www.igta5.com/images/official-screenshot-pc-highway-at-night.jpg,https://www.igta5.com/official-screenshots
22,Pc Alamo Tree,iGTA5 official screenshots pages 2-5,https://www.igta5.com/images/official-screenshot-pc-alamo-tree.jpg,https://www.igta5.com/official-screenshots
23,Pc Trevor Lights Up,iGTA5 official screenshots pages 2-5,https://www.igta5.com/images/official-screenshot-pc-trevor-lights-up.jpg,https://www.igta5.com/official-screenshots
24,Pc Michael On The Run,iGTA5 official screenshots pages 2-5,https://www.igta5.com/images/official-screenshot-pc-michael-on-the-run.jpg,https://www.igta5.com/official-screenshots
25,Pc Franklin At Bat,iGTA5 official screenshots pages 2-5,https://www.igta5.com/images/official-screenshot-pc-franklin-at-bat.jpg,https://www.igta5.com/official-screenshots
26,Pc Vinewood Sunset,iGTA5 official screenshots pages 2-5,https://www.igta5.com/images/official-screenshot-pc-vinewood-sunset.jpg,https://www.igta5.com/official-screenshots
27,Helos Fighting At Sunset,iGTA5 official screenshots pages 2-5,https://www.igta5.com/images/official-screenshot-helos-fighting-at-sunset.jpg,https://www.igta5.com/official-screenshots
28,Job Well Done,iGTA5 official screenshots pages 2-5,https://www.igta5.com/images/official-screenshot-job-well-done.jpg,https://www.igta5.com/official-screenshots
29,Lester Has A Plan,iGTA5 official screenshots pages 2-5,https://www.igta5.com/images/official-screenshot-lester-has-a-plan.jpg,https://www.igta5.com/official-screenshots
30,No Tailgating,iGTA5 official screenshots pages 2-5,https://www.igta5.com/images/official-screenshot-no-tailgating.jpg,https://www.igta5.com/official-screenshots
31,Lsc Eat Your Heart Out,iGTA5 official screenshots pages 2-5,https://www.igta5.com/images/official-screenshot-lsc-eat-your-heart-out.jpg,https://www.igta5.com/official-screenshots
32,Apc Got Nothing On Me,iGTA5 official screenshots pages 2-5,https://www.igta5.com/images/official-screenshot-apc-got-nothing-on-me.jpg,https://www.igta5.com/official-screenshots
33,Cops Want Their Bus Back,iGTA5 official screenshots pages 2-5,https://www.igta5.com/images/official-screenshot-cops-want-their-bus-back.jpg,https://www.igta5.com/official-screenshots
34,Almost Didnt Make It,iGTA5 official screenshots pages 2-5,https://www.igta5.com/images/official-screenshot-almost-didnt-make-it.jpg,https://www.igta5.com/official-screenshots
35,Dropping In On The Yacht,iGTA5 official screenshots pages 2-5,https://www.igta5.com/images/official-screenshot-dropping-in-on-the-yacht.jpg,https://www.igta5.com/official-screenshots
36,Bailout Takeout,iGTA5 official screenshots pages 2-5,https://www.igta5.com/images/official-screenshot-bailout-takeout.jpg,https://www.igta5.com/official-screenshots
37,What Happened To Red,iGTA5 official screenshots pages 2-5,https://www.igta5.com/images/official-screenshot-what-happened-to-red.jpg,https://www.igta5.com/official-screenshots
38,Old School Ski Masks,iGTA5 official screenshots pages 2-5,https://www.igta5.com/images/official-screenshot-old-school-ski-masks.jpg,https://www.igta5.com/official-screenshots
39,That Was A Close One,iGTA5 official screenshots pages 2-5,https://www.igta5.com/images/official-screenshot-that-was-a-close-one.jpg,https://www.igta5.com/official-screenshots
40,This Little Piggy Robbed The Bank,iGTA5 official screenshots pages 2-5,https://www.igta5.com/images/official-screenshot-this-little-piggy-robbed-the-bank.jpg,https://www.igta5.com/official-screenshots
41,Double Bagging It,iGTA5 official screenshots pages 2-5,https://www.igta5.com/images/official-screenshot-double-bagging-it.jpg,https://www.igta5.com/official-screenshots
42,Zero Dark Hurty,iGTA5 official screenshots pages 2-5,https://www.igta5.com/images/official-screenshot-zero-dark-hurty.jpg,https://www.igta5.com/official-screenshots
43,Carrier Takeoff,iGTA5 official screenshots pages 2-5,https://www.igta5.com/images/official-screenshot-carrier-takeoff.jpg,https://www.igta5.com/official-screenshots
44,Taking In The Trash,iGTA5 official screenshots pages 2-5,https://www.igta5.com/images/official-screenshot-taking-in-the-trash.jpg,https://www.igta5.com/official-screenshots
45,Prison Bus Takeover,iGTA5 official screenshots pages 2-5,https://www.igta5.com/images/official-screenshot-prison-bus-takeover.jpg,https://www.igta5.com/official-screenshots
46,Drilling Your Way In,iGTA5 official screenshots pages 2-5,https://www.igta5.com/images/official-screenshot-drilling-your-way-in.jpg,https://www.igta5.com/official-screenshots
47,Bye Bye Buzzard Birdie,iGTA5 official screenshots pages 2-5,https://www.igta5.com/images/official-screenshot-bye-bye-buzzard-birdie.jpg,https://www.igta5.com/official-screenshots
48,Ready To Purge Los Santos,iGTA5 official screenshots pages 2-5,https://www.igta5.com/images/official-screenshot-ready-to-purge-los-santos.jpg,https://www.igta5.com/official-screenshots
49,Who To Choose,iGTA5 official screenshots pages 2-5,https://www.igta5.com/images/official-screenshot-who-to-choose.jpg,https://www.igta5.com/official-screenshots
50,Smile For The Witness,iGTA5 official screenshots pages 2-5,https://www.igta5.com/images/official-screenshot-smile-for-the-witness.jpg,https://www.igta5.com/official-screenshots
51,Tearing Up The Wilderness,iGTA5 official screenshots pages 2-5,https://www.igta5.com/images/official-screenshot-tearing-up-the-wilderness.jpg,https://www.igta5.com/official-screenshots
52,Jump Out Boys And Girls,iGTA5 official screenshots pages 2-5,https://www.igta5.com/images/official-screenshot-jump-out-boys-and-girls.jpg,https://www.igta5.com/official-screenshots
53,Jet Race To Start The Day,iGTA5 official screenshots pages 2-5,https://www.igta5.com/images/official-screenshot-jet-race-to-start-the-day.jpg,https://www.igta5.com/official-screenshots
54,Late Night Motorcycle Race,iGTA5 official screenshots pages 2-5,https://www.igta5.com/images/official-screenshot-late-night-motorcycle-race.jpg,https://www.igta5.com/official-screenshots
55,West Vinewood Warzone,iGTA5 official screenshots pages 2-5,https://www.igta5.com/images/official-screenshot-west-vinewood-warzone.jpg,https://www.igta5.com/official-screenshots
56,Flying Past The Wind Farm,iGTA5 official screenshots pages 2-5,https://www.igta5.com/images/official-screenshot-flying-past-the-wind-farm.jpg,https://www.igta5.com/official-screenshots
57,First Person Get That Paper,iGTA5 official screenshots pages 2-5,https://www.igta5.com/images/official-screenshot-first-person-get-that-paper.jpg,https://www.igta5.com/official-screenshots
58,Super Car Race On The Freeway,iGTA5 official screenshots pages 2-5,https://www.igta5.com/images/official-screenshot-super-car-race-on-the-freeway.jpg,https://www.igta5.com/official-screenshots
59,Buzzard On The Attack,iGTA5 official screenshots pages 2-5,https://www.igta5.com/images/official-screenshot-buzzard-on-the-attack.jpg,https://www.igta5.com/official-screenshots
60,First Person Better Reload Quickly,iGTA5 official screenshots pages 2-5,https://www.igta5.com/images/official-screenshot-first-person-better-reload-quickly.jpg,https://www.igta5.com/official-screenshots
61,First Person Sniper On The Roof,iGTA5 official screenshots pages 2-5,https://www.igta5.com/images/official-screenshot-first-person-sniper-on-the-roof.jpg,https://www.igta5.com/official-screenshots
62,First Person Cruising The Wv Strip,iGTA5 official screenshots pages 2-5,https://www.igta5.com/images/official-screenshot-first-person-cruising-the-wv-strip.jpg,https://www.igta5.com/official-screenshots
63,First Person Robbing A Store,iGTA5 official screenshots pages 2-5,https://www.igta5.com/images/official-screenshot-first-person-robbing-a-store.jpg,https://www.igta5.com/official-screenshots
64,One Wheel For The One Times,iGTA5 official screenshots pages 2-5,https://www.igta5.com/images/official-screenshot-one-wheel-for-the-one-times.jpg,https://www.igta5.com/official-screenshots
65,First Person Buzzing Fort Zancudo,iGTA5 official screenshots pages 2-5,https://www.igta5.com/images/official-screenshot-first-person-buzzing-fort-zancudo.jpg,https://www.igta5.com/official-screenshots
66,Zentorno Heads Into Vinewood,iGTA5 official screenshots pages 2-5,https://www.igta5.com/images/official-screenshot-zentorno-heads-into-vinewood.jpg,https://www.igta5.com/official-screenshots
67,First Person Early Morning Flight Over Ls,iGTA5 official screenshots pages 2-5,https://www.igta5.com/images/official-screenshot-first-person-early-morning-flight-over-ls.jpg,https://www.igta5.com/official-screenshots
68,First Person Infiltrating Cheng Factory,iGTA5 official screenshots pages 2-5,https://www.igta5.com/images/official-screenshot-first-person-infiltrating-cheng-factory.jpg,https://www.igta5.com/official-screenshots
69,Franklin Leads The Pack,iGTA5 official screenshots pages 2-5,https://www.igta5.com/images/official-screenshot-franklin-leads-the-pack.jpg,https://www.igta5.com/official-screenshots
70,Buzzard Heads Into The Storm,iGTA5 official screenshots pages 2-5,https://www.igta5.com/images/official-screenshot-buzzard-heads-into-the-storm.jpg,https://www.igta5.com/official-screenshots
71,Haines Breaks Up The Protagonists,iGTA5 official screenshots pages 2-5,https://www.igta5.com/images/official-screenshot-haines-breaks-up-the-protagonists.jpg,https://www.igta5.com/official-screenshots
72,Motorcycle Ride Past Fort Zancudo,iGTA5 official screenshots pages 2-5,https://www.igta5.com/images/official-screenshot-motorcycle-ride-past-fort-zancudo.jpg,https://www.igta5.com/official-screenshots
73,Trevor Takes The Train,iGTA5 official screenshots pages 2-5,https://www.igta5.com/images/official-screenshot-trevor-takes-the-train.jpg,https://www.igta5.com/official-screenshots
74,Vacca Cruising The City,iGTA5 official screenshots pages 2-5,https://www.igta5.com/images/official-screenshot-vacca-cruising-the-city.jpg,https://www.igta5.com/official-screenshots
75,Besra In Raton Canyon,iGTA5 official screenshots pages 2-5,https://www.igta5.com/images/official-screenshot-besra-in-raton-canyon.jpg,https://www.igta5.com/official-screenshots
76,Escaping The Towering Inferno,iGTA5 official screenshots pages 2-5,https://www.igta5.com/images/official-screenshot-escaping-the-towering-inferno.jpg,https://www.igta5.com/official-screenshots
77,So Much Traffic On New Gen,iGTA5 official screenshots pages 2-5,https://www.igta5.com/images/official-screenshot-so-much-traffic-on-new-gen.jpg,https://www.igta5.com/official-screenshots
78,Michael And Trevor Playing Chips,iGTA5 official screenshots pages 2-5,https://www.igta5.com/images/official-screenshot-michael-and-trevor-playing-chips.jpg,https://www.igta5.com/official-screenshots
79,Cops Chasing A Truck Through The Desert,iGTA5 official screenshots pages 2-5,https://www.igta5.com/images/official-screenshot-cops-chasing-a-truck-through-the-desert.jpg,https://www.igta5.com/official-screenshots
80,First Person Snapping A Shot Of Pamela,iGTA5 official screenshots pages 2-5,https://www.igta5.com/images/official-screenshot-first-person-snapping-a-shot-of-pamela.jpg,https://www.igta5.com/official-screenshots
81,Franklin Stocking Up On Weaponry,iGTA5 official screenshots pages 2-5,https://www.igta5.com/images/official-screenshot-franklin-stocking-up-on-weaponry.jpg,https://www.igta5.com/official-screenshots
82,Swift Flying Over Alamo Sea,iGTA5 official screenshots pages 2-5,https://www.igta5.com/images/official-screenshot-swift-flying-over-alamo-sea.jpg,https://www.igta5.com/official-screenshots
83,Michael Terrorizing Downtown Ls,iGTA5 official screenshots pages 2-5,https://www.igta5.com/images/official-screenshot-michael-terrorizing-downtown-ls.jpg,https://www.igta5.com/official-screenshots
84,Po Po Hatin On The Families,iGTA5 official screenshots pages 2-5,https://www.igta5.com/images/official-screenshot-po-po-hatin-on-the-families.jpg,https://www.igta5.com/official-screenshots
85,Helicopter Over Vinewood Hills,iGTA5 official screenshots pages 2-5,https://www.igta5.com/images/official-screenshot-helicopter-over-vinewood-hills.jpg,https://www.igta5.com/official-screenshots
86,First Person Escaping The Stretch,iGTA5 official screenshots pages 2-5,https://www.igta5.com/images/official-screenshot-first-person-escaping-the-stretch.jpg,https://www.igta5.com/official-screenshots
87,Observing The City At Night,iGTA5 official screenshots pages 2-5,https://www.igta5.com/images/official-screenshot-observing-the-city-at-night.jpg,https://www.igta5.com/official-screenshots
88,First Person When Drug Deals Go Bad,iGTA5 official screenshots pages 2-5,https://www.igta5.com/images/official-screenshot-first-person-when-drug-deals-go-bad.jpg,https://www.igta5.com/official-screenshots
89,Welcome Home Trevor,iGTA5 official screenshots pages 2-5,https://www.igta5.com/images/official-screenshot-welcome-home-trevor.jpg,https://www.igta5.com/official-screenshots
90,First Person Cutting The Sides Off A Hammerhead,iGTA5 official screenshots pages 2-5,https://www.igta5.com/images/official-screenshot-first-person-cutting-the-sides-off-a-hammerhead.jpg,https://www.igta5.com/official-screenshots
91,Rail Gun Practice With Michael,iGTA5 official screenshots pages 2-5,https://www.igta5.com/images/official-screenshot-rail-gun-practice-with-michael.jpg,https://www.igta5.com/official-screenshots
92,First Person Cruising On A Motorcycle,iGTA5 official screenshots pages 2-5,https://www.igta5.com/images/official-screenshot-first-person-cruising-on-a-motorcycle.jpg,https://www.igta5.com/official-screenshots
93,Injection Vs Cop Chopper,iGTA5 official screenshots pages 2-5,https://www.igta5.com/images/official-screenshot-injection-vs-cop-chopper.jpg,https://www.igta5.com/official-screenshots
94,First Person Missile Lock On A Cargobob,iGTA5 official screenshots pages 2-5,https://www.igta5.com/images/official-screenshot-first-person-missile-lock-on-a-cargobob.jpg,https://www.igta5.com/official-screenshots
95,Franklin Lamar And Stretch,iGTA5 official screenshots pages 2-5,https://www.igta5.com/images/official-screenshot-franklin-lamar-and-stretch.jpg,https://www.igta5.com/official-screenshots
96,First Person Chasing Ze Plane,iGTA5 official screenshots pages 2-5,https://www.igta5.com/images/official-screenshot-first-person-chasing-ze-plane.jpg,https://www.igta5.com/official-screenshots
97,Not So Stealthy Deer Hunting,iGTA5 official screenshots pages 2-5,https://www.igta5.com/images/official-screenshot-not-so-stealthy-deer-hunting.jpg,https://www.igta5.com/official-screenshots
98,First Person Zooming Through Raton Canyon,iGTA5 official screenshots pages 2-5,https://www.igta5.com/images/official-screenshot-first-person-zooming-through-raton-canyon.jpg,https://www.igta5.com/official-screenshots
99,Flying By Vinewood At Night,iGTA5 official screenshots pages 2-5,https://www.igta5.com/images/official-screenshot-flying-by-vinewood-at-night.jpg,https://www.igta5.com/official-screenshots
100,Del Perro Pleasure Pier,iGTA5 official screenshots pages 2-5,https://www.igta5.com/images/official-screenshot-del-perro-pleasure-pier.jpg,https://www.igta5.com/official-screenshots
